vehicle_id,listing_date,manufacture_year,brand,vehicle_type,battery_capacity_kwh,battery_health_pct,range_km,km_driven,charging_time_hr,fast_charging,owner_count,city,service_history,resale_price
EV-20170,2025-01-01,2021,Nexora,SUV,46.9,89.6,313.0,28454.0,10.0,No,1,Chennai,Complete,1527836.0
EV-20530,2025-01-02,2025,Nexora,Crossover,80.6,99.5,543.0,183935.8447787251,7.1,No,2,Chennai,Complete,2040760.0
EV-20654,2025-01-03,2019,Nexora,Crossover,53.9,91.2,,12003.0,3.6,Yes,1,Chennai,Complete,1830249.0
EV-20935,2025-01-04,2022,GreenDrive,Hatchback,60.1,89.3,528.0,13623.0,7.8,Yes,2,Delhi,Complete,1726422.0
EV-20827,2025-01-05,2024,GreenDrive,Sedan,53.0,92.0,264.0,28548.0,6.1,No,1,Pune,Complete,1642232.0
EV-20547,2025-01-06,2022,Atheron,Crossover,44.1,89.6,407.0,37590.0,5.5,No,4,Mumbai,Complete,1533320.0
EV-20961,2025-01-07,2017,Atheron,Sedan,34.9,89.9,468.0,11615.0,5.0,No,1,Mumbai,Complete,1605157.0
EV-20584,2025-01-08,2017,Nexora,Hatchback,41.6,95.1,419.0,6999.0,6.8,No,1,Bengaluru,,1589566.0
EV-20708,2025-01-09,2025,Nexora,Sedan,51.9,92.6,522.0,128031.0,9.2,Yes,2,Pune,Complete,1608566.0
EV-20059,2025-01-10,2025,Atheron,Sedan,65.2,95.1,378.0,55670.0,5.7,Yes,1,Pune,Complete,1729157.0
EV-20859,2025-01-11,2023,E-Motion,SUV,74.4,89.7,323.0,28523.0,6.5,No,1,Delhi,Partial,1755898.0
EV-20922,2025-01-12,2021,GreenDrive,SUV,59.0,90.2,365.0,27800.0,9.5,Yes,2,Bengaluru,Complete,1674025.0
EV-20381,2025-01-13,2025,Nexora,Sedan,60.9,89.4,553.0,46088.0,7.3,Yes,2,Pune,Missing,1821084.0
EV-20023,2025-01-14,2020,E-Motion,Hatchback,,91.6,249.0,39537.0,7.8,Yes,1,Mumbai,Missing,1435208.0
EV-20541,2025-01-15,2019,Nexora,Sedan,60.6,100.0,551.0,11531.0,5.1,No,1,Pune,Missing,1889781.0
EV-20445,2025-01-16,2023,Nexora,Hatchback,61.2,83.2,372.0,102081.0,7.2,Yes,1,Pune,Partial,1589471.0
EV-20256,2025-01-17,2017,Voltix,Crossover,52.9,90.4,395.0,60192.0,4.4,Yes,1,Chennai,Complete,1590517.0
EV-20236,2025-01-18,2023,Nexora,Hatchback,74.6,96.0,400.0,47688.0,7.6,No,1,Mumbai,Complete,1721840.0
EV-20956,2025-01-19,2022,GreenDrive,Hatchback,61.3,94.0,358.0,28969.0,7.9,Yes,1,Chennai,Partial,1700375.0
EV-20301,2025-01-20,2025,E-Motion,Sedan,53.1,95.4,460.0,54736.0,5.4,Yes,3,Bengaluru,Complete,1820168.0
EV-20929,2025-01-21,2016,Voltix,SUV,79.7,93.6,412.0,20797.0,4.9,Yes,1,Pune,Complete,1899447.0
EV-20934,2025-01-22,2024,GreenDrive,Hatchback,26.9,84.9,417.0,31918.0,6.0,No,2,Delhi,Complete,1436470.0
EV-20842,2025-01-23,2025,Atheron,Crossover,50.1,93.7,193.0,73703.0,6.1,Yes,1,Chennai,Complete,1438113.0
EV-20663,2025-01-24,2024,Nexora,Crossover,48.1,94.3,331.0,47597.0,5.9,No,1,Chennai,Partial,1662876.0
EV-20501,2025-01-25,2022,GreenDrive,SUV,56.2,86.3,512.0,57420.0,5.2,No,1,Hyderabad,Missing,1651815.0
EV-20421,2025-01-26,2018,Nexora,Hatchback,58.9,91.3,323.0,52149.0,5.6,Yes,3,Delhi,Complete,1519960.0
EV-20208,2025-01-27,2019,GreenDrive,Crossover,37.1,89.1,376.0,29186.0,6.9,Yes,2,Delhi,Complete,1482521.0
EV-20085,2025-01-28,2022,Voltix,Sedan,96.5,85.1,424.0,26179.0,2.9,Yes,2,Pune,Missing,1835687.0
EV-20997,2025-01-29,2023,Voltix,Sedan,54.6,96.9,358.0,104549.0,5.6,No,1,Delhi,Complete,1486145.0
EV-20349,2025-01-30,2020,GreenDrive,SUV,73.5,87.8,268.0,31587.0,5.8,Yes,1,Mumbai,Complete,1701890.0
EV-20861,2025-01-31,2020,E-Motion,SUV,61.5,93.8,454.0,78882.0,7.7,Yes,1,Bengaluru,Partial,1640624.0
EV-20891,2025-02-01,2025,Voltix,Hatchback,28.7,90.4,370.0,17313.0,7.9,Yes,1,Pune,Partial,1467882.0
EV-20004,2025-02-02,2019,E-Motion,Sedan,53.7,,343.0,41146.0,5.5,Yes,2,Delhi,Complete,1523378.0
EV-20437,2025-02-03,2020,Nexora,Sedan,66.7,85.6,223.0,56661.0,5.2,Yes,1,Delhi,Complete,1447117.0
EV-20044,2025-02-04,2022,Voltix,Sedan,63.1,84.9,229.0,24479.0,7.1,No,3,Bengaluru,,1461421.0
EV-20163,2025-02-05,2024,Atheron,Crossover,49.6,83.1,389.0,69388.0,7.4,No,1,Mumbai,Partial,1496244.0
EV-20497,2025-02-06,2024,Voltix,SUV,55.8,95.7,319.0,24463.0,3.9,No,1,Mumbai,Complete,1785996.0
EV-20969,2025-02-07,2023,Voltix,Sedan,25.0,92.6,298.0,29927.0,6.8,Yes,1,Bengaluru,Complete,1493454.0
EV-20848,2025-02-08,2019,Voltix,Crossover,59.6,88.7,301.0,124714.0,5.5,No,2,Hyderabad,Partial,1214628.0
EV-20903,2025-02-09,2023,Voltix,Crossover,86.3,94.7,319.0,14228.0,6.3,Yes,1,Bengaluru,Complete,1939616.0
EV-20674,2025-02-10,2017,Atheron,Hatchback,73.1,91.9,361.0,171158.0,6.9,No,1,Delhi,Complete,1282088.0
EV-20056,2025-02-11,2017,E-Motion,Sedan,62.4,86.2,441.0,75640.0,5.4,Yes,2,Chennai,Partial,1509261.0
EV-20343,2025-02-12,2023,GreenDrive,Sedan,70.5,97.4,459.0,30452.0,5.3,No,1,Chennai,Complete,1801797.0
EV-20581,2025-02-13,2023,Nexora,Hatchback,53.3,89.7,306.0,18165.0,5.6,Yes,2,Hyderabad,Partial,1668387.0
EV-20493,2025-02-14,2024,Voltix,Sedan,37.5,90.4,466.0,45848.0,4.5,Yes,1,Mumbai,Complete,1595982.0
EV-20644,2025-02-15,2022,E-Motion,Crossover,71.2,79.8,558.0,180000.0,11.4,Yes,1,Pune,Complete,1451640.0
EV-20867,2025-02-16,2022,Voltix,Crossover,62.2,91.2,216.0,94847.0,6.1,Yes,1,Bengaluru,Complete,1399231.0
EV-20267,2025-02-17,2023,Atheron,Crossover,48.5,89.3,369.0,73786.0,7.5,No,1,Chennai,Complete,1544634.0
EV-20252,2025-02-18,2023,E-Motion,Hatchback,78.5,98.4,402.0,48735.0,6.3,Yes,2,Chennai,Complete,1819958.0
EV-20767,2025-02-19,2017,Atheron,Sedan,61.0,100.0,386.0,22223.0,5.5,Yes,3,Mumbai,Complete,1589237.0
EV-20986,2025-02-20,2019,Atheron,SUV,54.3,82.6,333.0,94774.0,6.9,Yes,2,Bengaluru,Complete,1395142.0
EV-20007,2025-02-21,2017,GreenDrive,Crossover,50.6,93.5,344.0,180000.0,5.0,No,3,Pune,Partial,1207024.0
EV-20560,2025-02-22,2019,E-Motion,SUV,,86.2,354.0,69808.0,7.5,Yes,1,Chennai,Complete,1448700.0
EV-20074,2025-02-23,2019,GreenDrive,Crossover,77.3,92.0,350.0,20656.0,5.3,Yes,3,Mumbai,Complete,1797030.0
EV-20838,2025-02-24,2019,GreenDrive,SUV,44.4,93.0,302.0,22682.0,6.0,Yes,1,Hyderabad,Partial,1638447.0
EV-20028,2025-02-25,2016,GreenDrive,Sedan,54.6,95.5,489.0,118881.0,6.4,No,1,Delhi,Complete,1416119.0
EV-20237,2025-02-26,2021,GreenDrive,SUV,86.7,98.0,,28634.0,6.0,No,1,Delhi,Partial,1860754.0
EV-20473,2025-02-27,2021,Voltix,SUV,49.9,90.8,320.0,29333.0,4.7,Yes,4,Bengaluru,Partial,1594906.0
EV-20506,2025-02-28,2024,E-Motion,SUV,55.3,90.4,513.0,21290.0,6.7,Yes,2,Delhi,Complete,1892574.0
EV-20959,2025-03-01,2024,Nexora,Hatchback,75.5,,315.0,41376.0,4.4,Yes,2,Delhi,Complete,1574581.0
EV-20980,2025-03-02,2020,E-Motion,Hatchback,49.3,95.4,443.0,31507.0,5.7,Yes,4,Pune,Complete,1528901.0
EV-20577,2025-03-03,2024,GreenDrive,Hatchback,49.8,98.6,407.0,76452.0,7.8,Yes,2,Delhi,Complete,1541662.0
EV-20552,2025-03-04,2017,GreenDrive,SUV,78.3,90.7,239.0,36946.0,4.4,Yes,2,Pune,Complete,1624590.0
EV-20782,2025-03-05,2022,Nexora,SUV,81.3,90.8,279.0,40172.0,3.3,No,4,Hyderabad,Complete,1657222.0
EV-20753,2025-03-06,2016,GreenDrive,Sedan,47.9,89.9,380.0,38375.0,6.4,Yes,4,Chennai,Complete,1518075.0
EV-20356,2025-03-07,2025,Atheron,Crossover,47.6,94.9,303.0,44227.0,8.5,No,1,Delhi,Complete,1653416.0
EV-20360,2025-03-08,2024,Nexora,Sedan,57.0,94.8,566.0,30573.0,8.6,No,2,Bengaluru,Complete,1834623.0
EV-20380,2025-03-09,2019,E-Motion,Hatchback,,93.2,533.0,29200.0,9.6,Yes,2,Bengaluru,Complete,1788504.0
EV-20412,2025-03-10,2016,GreenDrive,Sedan,69.9,96.9,288.0,48633.0,7.2,Yes,1,Hyderabad,Partial,1515125.0
EV-20257,2025-03-11,2024,E-Motion,Hatchback,35.8,89.6,383.0,69687.0,5.6,No,2,Chennai,Partial,1421903.0
EV-20251,2025-03-12,2018,Nexora,Hatchback,33.4,90.9,249.0,45831.0,7.0,No,1,Mumbai,Complete,1280332.0
EV-20973,2025-03-13,2019,Nexora,SUV,51.6,89.9,455.0,145360.0,3.8,Yes,3,Mumbai,Complete,1513411.0
EV-20515,2025-03-14,2016,GreenDrive,Hatchback,61.6,100.0,210.0,37482.0,7.0,Yes,1,Mumbai,Complete,1492498.0
EV-20713,2025-03-15,2023,E-Motion,SUV,32.7,96.4,165.0,29626.0,2.8,Yes,2,Bengaluru,Complete,1490287.0
EV-20392,2025-03-16,2023,GreenDrive,Hatchback,57.3,89.5,222.0,42843.0,4.2,Yes,1,Pune,Missing,1405329.0
EV-20874,2025-03-17,2016,Voltix,SUV,53.9,85.7,302.0,55598.0,5.5,Yes,1,Bengaluru,Complete,1521481.0
EV-20078,2025-03-18,2023,Atheron,Sedan,63.5,,473.0,105331.0,9.1,Yes,1,Delhi,Complete,1513230.0
EV-20049,2025-03-19,2019,Atheron,Hatchback,48.2,91.8,457.0,26669.0,3.8,No,1,Hyderabad,Complete,1561541.0
EV-20715,2025-03-20,2016,GreenDrive,Sedan,75.9,78.9,546.0,58170.0,10.6,Yes,2,Bengaluru,Complete,1532159.0
EV-20382,2025-03-21,2019,E-Motion,Hatchback,52.3,89.7,343.0,155700.0,6.9,No,3,Pune,Complete,1196611.0
EV-20549,2025-03-22,2022,GreenDrive,Hatchback,61.1,95.5,311.0,48260.0,10.0,No,1,Mumbai,Complete,1522789.0
EV-20653,2025-03-23,2019,Atheron,Crossover,61.4,92.3,398.0,72412.0,10.6,No,4,Chennai,Complete,1267473.0
EV-20386,2025-03-24,2017,GreenDrive,Crossover,47.1,92.4,440.0,106594.0,7.8,Yes,1,Hyderabad,Complete,1455230.0
EV-20455,2025-03-25,2023,Voltix,SUV,69.8,89.0,252.0,74224.0,6.0,Yes,1,Hyderabad,Complete,1488522.0
EV-20238,2025-03-26,2016,Nexora,SUV,73.3,90.7,531.0,13442.0,5.6,Yes,1,Hyderabad,Complete,1886520.0
EV-20175,2025-03-27,2023,E-Motion,Sedan,54.9,81.7,349.0,100601.0,4.0,No,1,Delhi,Complete,1444137.0
EV-20285,2025-03-28,2021,Atheron,Crossover,49.9,96.8,440.0,30444.0,6.8,No,2,Bengaluru,Partial,1624505.0
EV-20622,2025-03-29,2021,Atheron,Sedan,81.6,86.7,376.0,61926.0,6.7,No,2,Pune,Complete,1557835.0
EV-20955,2025-03-30,2016,E-Motion,Hatchback,78.1,98.0,291.0,8232.0,4.1,Yes,1,Delhi,Complete,1726590.0
EV-20452,2025-03-31,2020,Voltix,SUV,35.0,97.4,410.0,27314.0,8.6,Yes,1,Delhi,Complete,1698644.0
EV-20630,2025-04-01,2018,Nexora,Hatchback,81.9,89.6,433.0,47486.0,4.6,Yes,2,Bengaluru,Partial,1735292.0
EV-20607,2025-04-02,2025,Voltix,Sedan,71.5,91.2,402.0,13806.0,5.8,Yes,4,Pune,Complete,1856159.0
EV-20399,2025-04-03,2020,E-Motion,Hatchback,75.3,91.0,310.0,69409.0,5.5,Yes,2,Delhi,Partial,1538339.0
EV-20309,2025-04-04,2022,Atheron,Crossover,60.6,91.7,310.0,24882.0,6.1,Yes,1,Mumbai,Complete,1690713.0
EV-20563,2025-04-05,2019,Nexora,Crossover,33.7,96.9,278.0,63643.0,6.9,Yes,2,Bengaluru,Complete,1474551.0
EV-20316,2025-04-06,2021,E-Motion,Crossover,72.6,90.9,396.0,34604.0,7.5,Yes,2,Delhi,Complete,1729102.0
EV-20142,2025-04-07,2024,Atheron,Crossover,50.7,93.3,434.0,94661.0,6.8,No,1,Pune,Complete,1707869.0
EV-20384,2025-04-08,2018,GreenDrive,SUV,53.5,90.0,262.0,31428.0,4.2,Yes,2,Bengaluru,,1464637.0
EV-20254,2025-04-09,2019,Voltix,Hatchback,68.9,96.4,338.0,13154.0,5.6,No,1,Hyderabad,Complete,1693139.0
EV-20488,2025-04-10,2018,GreenDrive,SUV,63.7,98.8,334.0,6812.0,4.0,Yes,3,Delhi,Partial,1605711.0
EV-20606,2025-04-11,2016,Atheron,Sedan,61.0,99.3,395.0,23282.0,8.3,No,1,Hyderabad,Partial,1526969.0
EV-20276,2025-04-12,2021,Atheron,Crossover,79.4,84.6,367.0,66238.0,7.1,Yes,2,Bengaluru,Partial,1572654.0
EV-20667,2025-04-13,2018,Voltix,Sedan,67.6,97.7,432.0,61456.0,6.6,No,3,Pune,Complete,1559470.0
EV-20833,2025-04-14,2023,GreenDrive,Hatchback,89.9,87.8,340.0,121941.0,6.9,No,1,Delhi,Partial,1470380.0
EV-20777,2025-04-15,2024,Atheron,Crossover,46.1,90.0,253.0,9901.0,5.2,No,1,Hyderabad,Complete,1578645.0
EV-20274,2025-04-16,2021,Voltix,Sedan,68.7,93.7,539.0,60074.0,10.5,Yes,1,Chennai,Complete,1836140.0
EV-20026,2025-04-17,2020,Atheron,SUV,47.5,92.8,493.0,14546.0,5.8,Yes,1,Hyderabad,Missing,1821676.0
EV-20448,2025-04-18,2016,E-Motion,Crossover,83.5,87.8,341.0,28900.0,6.4,No,1,Hyderabad,Missing,1563775.0
EV-20938,2025-04-19,2019,Voltix,SUV,34.2,90.5,197.0,22269.0,6.4,Yes,1,Hyderabad,Complete,1475164.0
EV-20122,2025-04-20,2020,E-Motion,Crossover,52.0,88.5,254.0,67872.0,8.0,No,2,Mumbai,Complete,1313871.0
EV-20507,2025-04-21,2016,Voltix,SUV,70.5,97.5,347.0,33209.0,9.4,Yes,2,Hyderabad,Partial,1657028.0
EV-20873,2025-04-22,2016,E-Motion,SUV,62.5,88.0,462.0,57736.0,5.4,No,2,Pune,Partial,1551066.0
EV-20203,2025-04-23,2021,GreenDrive,Crossover,69.8,95.9,287.0,59591.0,3.7,No,1,Delhi,Partial,1655332.0
EV-20524,2025-04-24,2019,Atheron,Crossover,70.7,99.7,482.0,71485.0,6.4,Yes,2,Hyderabad,Partial,1732187.0
EV-20234,2025-04-25,2023,Atheron,Hatchback,,85.0,389.0,22534.0,5.3,No,1,Mumbai,Partial,1404427.0
EV-20626,2025-04-26,2022,Nexora,SUV,49.3,95.7,363.0,51847.0,10.0,Yes,1,Pune,Partial,1662127.0
EV-20325,2025-04-27,2018,Atheron,Hatchback,76.8,78.6,347.0,22215.0,7.4,No,1,Mumbai,Complete,1489913.0
EV-20693,2025-04-28,2024,E-Motion,Crossover,75.2,89.8,454.0,42871.0,7.2,Yes,3,Hyderabad,Missing,1595896.0
EV-20119,2025-04-29,2024,Nexora,Crossover,62.1,96.7,301.0,38207.0,7.1,No,2,Pune,Missing,1599517.0
EV-20011,2025-04-30,2016,Nexora,Sedan,57.9,99.5,,40831.0,8.4,Yes,4,Mumbai,Complete,1591429.0
EV-20832,2025-05-01,2020,Atheron,Sedan,48.9,87.8,157.0,16410.0,,No,4,Hyderabad,Complete,1208691.0
EV-20977,2025-05-02,2021,Voltix,Crossover,65.4,100.0,368.0,120505.0,3.7,No,1,Chennai,Complete,1666576.0
EV-20318,2025-05-03,2020,Nexora,Sedan,55.9,85.5,369.0,23592.0,3.6,Yes,3,Mumbai,Partial,1570432.0
EV-20288,2025-05-04,2016,E-Motion,Crossover,67.3,98.2,296.0,95955.0,7.8,Yes,2,Hyderabad,Complete,1401278.0
EV-20598,2025-05-05,2019,Atheron,Crossover,65.8,96.1,488.0,81666.0,7.0,No,1,Chennai,Complete,1643259.0
EV-20926,2025-05-06,2018,GreenDrive,Sedan,56.4,96.4,460.0,130363.0,,No,2,Delhi,,1483673.0
EV-20870,2025-05-07,2021,E-Motion,Sedan,50.9,89.8,370.0,28475.0,8.3,No,4,Bengaluru,,1478376.0
EV-20354,2025-05-08,2024,Nexora,Hatchback,40.4,92.1,327.0,32573.0,6.7,Yes,2,Delhi,Complete,1622289.0
EV-20403,2025-05-09,2024,E-Motion,Hatchback,70.8,90.3,302.0,136059.0,5.5,Yes,1,Pune,Complete,1508211.0
EV-20246,2025-05-10,2021,Atheron,Hatchback,58.7,85.3,476.0,33757.0,6.6,Yes,2,Hyderabad,Complete,1496639.0
EV-20185,2025-05-11,2021,Voltix,Hatchback,69.1,96.9,497.0,90267.0,7.9,Yes,1,Pune,Partial,1682811.0
EV-20856,2025-05-12,2016,Voltix,Hatchback,46.7,90.0,484.0,53327.0,6.7,Yes,1,Delhi,Partial,1633211.0
EV-20932,2025-05-13,2016,Nexora,Sedan,60.3,88.5,255.0,80109.0,8.2,No,2,Delhi,Complete,1395556.0
EV-20544,2025-05-14,2024,E-Motion,Sedan,38.0,93.9,511.0,67782.0,3.1,Yes,2,Chennai,Complete,1604620.0
EV-20646,2025-05-15,2025,Voltix,Sedan,49.2,,397.0,118969.0,6.0,Yes,1,Hyderabad,Partial,1471916.0
EV-20865,2025-05-16,2018,Nexora,SUV,51.4,77.0,273.0,119281.0,6.7,Yes,4,Bengaluru,Partial,1117512.0
EV-20845,2025-05-17,2023,Atheron,Hatchback,65.8,96.5,431.0,13920.0,,Yes,2,Hyderabad,Complete,1664322.0
EV-20499,2025-05-18,2022,GreenDrive,Hatchback,63.6,87.8,331.0,73000.0,9.5,Yes,3,Pune,Missing,1294238.0
EV-20013,2025-05-19,2025,GreenDrive,Crossover,52.4,97.9,282.0,61023.0,7.4,Yes,1,Hyderabad,Complete,1519160.0
EV-20278,2025-05-20,2017,E-Motion,Crossover,29.6,90.8,378.0,30651.0,7.9,No,1,Delhi,Complete,1435020.0
EV-20359,2025-05-21,2024,E-Motion,SUV,46.7,85.4,368.0,51950.0,6.4,Yes,1,Delhi,Missing,1683988.0
EV-20215,2025-05-22,2018,E-Motion,Hatchback,75.3,88.6,424.0,44040.0,6.1,No,1,Mumbai,Complete,1684857.0
EV-20783,2025-05-23,2016,Atheron,Crossover,71.9,94.1,379.0,22011.0,7.9,Yes,1,Hyderabad,Complete,1709115.0
EV-20949,2025-05-24,2025,E-Motion,Hatchback,49.6,98.5,289.0,35408.0,5.5,Yes,1,Chennai,Partial,1581813.0
EV-20114,2025-05-25,2020,Nexora,Crossover,71.8,84.0,277.0,103859.0,7.9,Yes,1,Mumbai,Partial,1488349.0
EV-20282,2025-05-26,2021,Voltix,SUV,64.4,87.8,340.0,49427.0,7.3,No,2,Pune,Complete,1540270.0
EV-20365,2025-05-27,2025,GreenDrive,Sedan,62.2,95.0,221.0,38692.0,8.5,Yes,2,Pune,Complete,1429221.0
EV-20420,2025-05-28,2019,GreenDrive,Crossover,49.0,98.4,439.0,33736.0,2.5,Yes,4,Hyderabad,,1472087.0
EV-20292,2025-05-29,2018,E-Motion,Sedan,68.1,90.4,468.0,57605.0,4.5,No,2,Delhi,Complete,1666242.0
EV-20127,2025-05-30,2024,Voltix,SUV,80.8,89.1,372.0,50135.0,6.3,Yes,1,Bengaluru,Complete,1832386.0
EV-20757,2025-05-31,2020,Voltix,Hatchback,61.7,87.7,360.0,20836.0,6.7,Yes,4,Delhi,Complete,1435341.0
EV-20518,2025-06-01,2016,Voltix,Crossover,40.2,90.7,310.0,63346.0,9.6,Yes,2,Mumbai,Complete,1225976.0
EV-20916,2025-06-02,2022,Voltix,Hatchback,81.5,90.3,275.0,63376.0,6.9,Yes,1,Bengaluru,Partial,1603053.0
EV-20565,2025-06-03,2024,Nexora,Hatchback,44.1,95.8,231.0,180000.0,6.5,Yes,1,Mumbai,Complete,1396601.0
EV-20402,2025-06-04,2023,E-Motion,Crossover,45.9,88.4,,24839.0,4.7,No,1,Chennai,Partial,1641155.0
EV-20502,2025-06-05,2016,Atheron,Sedan,61.5,88.4,,57727.0,6.4,Yes,3,Chennai,Complete,1486971.0
EV-20051,2025-06-06,2022,Voltix,Hatchback,74.6,93.2,,10698.0,4.9,Yes,2,Chennai,Complete,1736790.0
EV-20751,2025-06-07,2017,Nexora,Hatchback,54.3,90.0,330.0,112563.0,11.0,No,2,Pune,Partial,1227311.0
EV-20140,2025-06-08,2023,Nexora,Hatchback,83.2,85.1,281.0,51625.0,7.5,Yes,2,Mumbai,Complete,1642640.0
EV-20247,2025-06-09,2016,GreenDrive,Crossover,83.6,84.0,524.0,15182.0,9.6,No,1,Hyderabad,Complete,1807274.0
EV-20662,2025-06-10,2020,Atheron,Crossover,77.0,88.3,300.0,91575.0,7.4,No,1,Delhi,Complete,1424808.0
EV-20456,2025-06-11,2018,GreenDrive,SUV,100.0,90.1,363.0,19402.0,5.9,No,2,Mumbai,Complete,1878583.0
EV-20138,2025-06-12,2023,GreenDrive,SUV,63.2,90.6,323.0,65258.0,8.1,Yes,1,Mumbai,Complete,1599677.0
EV-20696,2025-06-13,2025,E-Motion,SUV,79.3,92.6,385.0,60382.0,5.2,Yes,1,Hyderabad,Missing,1908801.0
EV-20090,2025-06-14,2025,Atheron,SUV,48.2,93.0,452.0,30878.0,7.9,Yes,1,Hyderabad,Missing,1719541.0
EV-20416,2025-06-15,2022,GreenDrive,SUV,94.2,92.5,383.0,145919.0,5.3,No,1,Pune,Complete,1702137.0
EV-20786,2025-06-16,2018,E-Motion,SUV,52.9,91.3,560.0,66114.0,2.7,Yes,3,Mumbai,Complete,1655709.0
EV-20917,2025-06-17,2024,Nexora,Sedan,43.7,83.7,401.0,30345.0,5.6,Yes,3,Delhi,Missing,1481372.0
EV-20103,2025-06-18,2024,GreenDrive,Hatchback,50.8,87.7,,40450.0,4.7,Yes,1,Pune,Partial,1614208.0
EV-20083,2025-06-19,2019,Nexora,Hatchback,58.7,89.5,398.0,12642.0,6.2,Yes,1,Mumbai,Partial,1696722.0
EV-20352,2025-06-20,2021,GreenDrive,Hatchback,85.7,97.8,399.0,33734.0,7.8,Yes,1,Pune,Complete,1871155.0
EV-20655,2025-06-21,2025,Voltix,Crossover,60.9,96.6,339.0,116427.0,2.0,No,1,Bengaluru,Partial,1643359.0
EV-20183,2025-06-22,2021,GreenDrive,SUV,54.0,88.0,346.0,44679.0,5.6,No,3,Pune,Partial,1592776.0
EV-20459,2025-06-23,2025,GreenDrive,SUV,67.7,78.7,423.0,17861.0,7.8,Yes,1,Delhi,Complete,1713530.0
EV-20726,2025-06-24,2020,E-Motion,Hatchback,66.4,93.9,461.0,106704.0,8.6,No,1,Bengaluru,Complete,1512241.0
EV-20627,2025-06-25,2020,E-Motion,Crossover,54.1,86.8,363.0,20689.0,,Yes,1,Bengaluru,Complete,1537307.0
EV-20221,2025-06-26,2020,E-Motion,Sedan,,93.9,297.0,38771.0,,Yes,2,Delhi,Complete,1421800.0
EV-20323,2025-06-27,2018,Atheron,Hatchback,58.6,97.2,284.0,64498.0,4.2,Yes,1,Pune,Partial,1502188.0
EV-20614,2025-06-28,2016,Voltix,Hatchback,63.2,90.8,336.0,84429.0,7.5,No,1,Chennai,Complete,1347330.0
EV-20066,2025-06-29,2017,Nexora,Sedan,69.9,82.4,480.0,36604.0,4.6,Yes,2,Bengaluru,Complete,1677279.0
EV-20091,2025-06-30,2022,Atheron,Crossover,63.7,90.9,425.0,180000.0,3.8,Yes,1,Hyderabad,Complete,1474505.0
EV-20190,2025-07-01,2016,E-Motion,SUV,65.8,96.1,189.0,77848.0,6.7,Yes,2,Pune,Complete,1348827.0
EV-20465,2025-07-02,2025,Nexora,Sedan,54.5,85.4,362.0,64937.0,6.5,Yes,1,Hyderabad,Complete,1696533.0
EV-20789,2025-07-03,2023,GreenDrive,SUV,42.5,90.4,562.0,9498.0,9.4,Yes,2,Hyderabad,Complete,1684025.0
EV-20562,2025-07-04,2021,Nexora,Sedan,55.2,88.8,435.0,35173.0,7.3,Yes,1,Hyderabad,Partial,1727749.0
EV-20355,2025-07-05,2016,Atheron,Hatchback,49.3,86.1,460.0,30902.0,3.5,Yes,1,Hyderabad,Complete,1557581.0
EV-20393,2025-07-06,2025,Nexora,Hatchback,71.4,97.5,294.0,12977.0,6.2,Yes,2,Bengaluru,Partial,1846703.0
EV-20405,2025-07-07,2018,Atheron,Hatchback,72.2,95.1,571.0,25484.0,7.4,No,2,Delhi,,1769302.0
EV-20423,2025-07-08,2019,Atheron,Hatchback,51.3,98.4,510.0,24935.0,4.1,No,1,Mumbai,Partial,1674692.0
EV-20719,2025-07-09,2017,GreenDrive,Sedan,57.1,95.8,377.0,42010.0,6.3,No,1,Bengaluru,Partial,1525504.0
EV-20275,2025-07-10,2017,Atheron,Hatchback,90.6,100.0,356.0,40253.0,5.1,Yes,2,Hyderabad,Partial,1779099.0
EV-20120,2025-07-11,2022,E-Motion,Sedan,39.6,88.8,324.0,114526.0,7.9,No,1,Mumbai,Complete,1338479.0
EV-20330,2025-07-12,2025,Voltix,SUV,66.3,97.1,432.0,28356.0,3.9,No,2,Bengaluru,Complete,1852476.0
EV-20561,2025-07-13,2024,Nexora,Sedan,51.3,,419.0,43862.0,5.3,Yes,2,Mumbai,Complete,1725361.0
EV-20480,2025-07-14,2022,E-Motion,Crossover,28.6,91.7,440.0,58235.0,7.2,Yes,1,Mumbai,Complete,1466483.0
EV-20554,2025-07-15,2022,Nexora,Sedan,67.5,89.6,328.0,52486.0,4.3,Yes,2,Chennai,Missing,1567460.0
EV-20920,2025-07-16,2020,Nexora,Crossover,57.0,89.4,335.0,20946.0,5.3,Yes,1,Pune,Complete,1654467.0
EV-20553,2025-07-17,2017,Atheron,Sedan,84.0,90.0,341.0,47795.0,8.0,Yes,2,Bengaluru,Complete,1584511.0
EV-20945,2025-07-18,2021,Atheron,Sedan,39.7,86.4,328.0,31297.0,8.1,Yes,2,Delhi,Complete,1503260.0
EV-20165,2025-07-19,2023,GreenDrive,Crossover,39.9,82.1,287.0,22765.0,8.2,Yes,1,Hyderabad,Partial,1408504.0
EV-20250,2025-07-20,2018,Nexora,Sedan,61.2,87.8,355.0,90630.0,8.8,No,2,Pune,Missing,1257138.0
EV-20860,2025-07-21,2018,Atheron,Crossover,35.1,85.2,266.0,14726.0,5.7,Yes,2,Delhi,Complete,1314126.0
EV-20571,2025-07-22,2019,Atheron,SUV,48.3,100.0,276.0,40014.0,4.9,Yes,1,Chennai,Partial,1602042.0
EV-20730,2025-07-23,2019,Voltix,SUV,51.2,88.7,332.0,26863.0,5.3,Yes,2,Chennai,Partial,1595742.0
EV-20564,2025-07-24,2019,GreenDrive,SUV,56.4,87.2,236.0,62865.0,7.2,Yes,1,Chennai,Partial,1504570.0
EV-20855,2025-07-25,2025,Nexora,Crossover,70.9,89.2,417.0,53344.0,5.5,Yes,1,Pune,Complete,1856424.0
EV-20609,2025-07-26,2023,E-Motion,Hatchback,57.7,93.1,346.0,121784.0,3.3,No,1,Bengaluru,Partial,1577880.0
EV-20006,2025-07-27,2022,Voltix,SUV,34.3,100.0,270.0,30945.0,6.4,Yes,4,Pune,Partial,1504439.0
EV-20557,2025-07-28,2025,E-Motion,Hatchback,46.9,89.6,396.0,52443.0,3.4,No,1,Chennai,Complete,1553737.0
EV-20613,2025-07-29,2021,Nexora,Sedan,73.1,87.3,256.0,60738.0,5.6,Yes,1,Delhi,Complete,1588678.0
EV-20580,2025-07-30,2025,Voltix,SUV,45.2,89.3,308.0,31253.0,6.3,No,2,Delhi,Complete,1541855.0
EV-20308,2025-07-31,2017,Atheron,Crossover,44.9,94.9,373.0,41276.0,6.6,Yes,2,Chennai,Complete,1476509.0
EV-20936,2025-08-01,2021,E-Motion,Hatchback,54.5,86.7,300.0,76360.0,3.4,Yes,2,Delhi,Partial,1484598.0
EV-20505,2025-08-02,2016,Atheron,Sedan,51.1,89.2,330.0,141089.0,6.5,Yes,3,Chennai,Complete,1047190.0
EV-20336,2025-08-03,2016,Atheron,Hatchback,42.6,92.8,239.0,39237.0,6.8,Yes,3,Delhi,Complete,1235092.0
EV-20100,2025-08-04,2021,GreenDrive,Sedan,46.6,85.5,428.0,38332.0,8.3,Yes,2,Pune,Complete,1500493.0
EV-20024,2025-08-05,2023,Nexora,Crossover,58.3,98.7,522.0,36166.0,7.0,Yes,1,Delhi,Partial,2012814.0
EV-20152,2025-08-06,2021,E-Motion,SUV,68.5,88.3,240.0,139604.0,4.4,Yes,1,Mumbai,Complete,1345278.0
EV-20625,2025-08-07,2016,GreenDrive,Hatchback,41.9,88.0,294.0,180000.0,3.5,Yes,1,Bengaluru,Complete,1011244.0
EV-20483,2025-08-08,2019,Atheron,Hatchback,74.3,81.8,398.0,163251.0,5.5,Yes,2,Hyderabad,Partial,1340107.0
EV-20729,2025-08-09,2017,Nexora,Crossover,60.1,95.8,408.0,33227.0,5.8,Yes,1,Bengaluru,Missing,1726727.0
EV-20391,2025-08-10,2019,Atheron,Crossover,29.9,96.0,212.0,21201.0,7.1,Yes,2,Pune,Missing,1323622.0
EV-20220,2025-08-11,2025,Nexora,Hatchback,81.4,96.0,403.0,66847.0,9.4,Yes,2,Pune,Partial,1777240.0
EV-20040,2025-08-12,2019,Voltix,Sedan,25.5,91.5,410.0,21722.0,3.5,No,1,Bengaluru,Partial,1434474.0
EV-20850,2025-08-13,2020,E-Motion,Hatchback,66.6,92.8,310.0,23642.0,6.8,Yes,1,Pune,Complete,1679783.0
EV-20734,2025-08-14,2022,GreenDrive,Sedan,66.4,85.0,451.0,49434.0,7.4,Yes,2,Hyderabad,Missing,1518423.0
EV-20831,2025-08-15,2022,E-Motion,Hatchback,46.2,90.1,231.0,10518.0,5.2,Yes,1,Chennai,Complete,1602836.0
EV-20198,2025-08-16,2021,Voltix,Hatchback,69.4,87.3,433.0,18423.0,7.9,Yes,1,Delhi,Complete,1647071.0
EV-20720,2025-08-17,2025,Nexora,Sedan,,93.3,413.0,45554.0,4.7,Yes,1,Pune,Complete,1781506.0
EV-20749,2025-08-18,2017,GreenDrive,SUV,74.1,90.1,373.0,37499.0,9.3,Yes,1,Delhi,,1524016.0
EV-20202,2025-08-19,2024,Nexora,SUV,,90.4,427.0,18361.0,4.2,No,1,Pune,Complete,1822516.0
EV-20419,2025-08-20,2021,E-Motion,Sedan,65.8,98.9,529.0,61785.0,8.9,Yes,2,Pune,Partial,1798488.0
EV-20228,2025-08-21,2019,GreenDrive,Crossover,51.2,84.5,461.0,91143.0,6.9,Yes,1,Delhi,Complete,1464345.0
EV-20639,2025-08-22,2019,Nexora,Sedan,83.9,95.0,293.0,20769.0,6.6,No,1,Hyderabad,Complete,1743755.0
EV-20780,2025-08-23,2017,Nexora,Sedan,59.4,75.8,154.0,149374.0,6.1,No,3,Pune,Missing,915109.0
EV-20379,2025-08-24,2017,GreenDrive,Crossover,56.5,99.5,351.0,24400.0,8.4,Yes,1,Mumbai,Complete,1738425.0
EV-20342,2025-08-25,2017,Nexora,Crossover,62.5,89.4,398.0,13577.0,4.1,No,3,Bengaluru,Complete,1645310.0
EV-20910,2025-08-26,2020,Nexora,Crossover,49.0,96.7,442.0,27552.0,4.0,No,1,Pune,,1800390.0
EV-20939,2025-08-27,2024,GreenDrive,Sedan,39.3,98.7,336.0,39308.0,7.0,Yes,4,Chennai,Complete,1363604.0
EV-20877,2025-08-28,2021,Voltix,Sedan,61.1,86.3,386.0,39319.0,6.0,Yes,1,Mumbai,Complete,1578242.0
EV-20123,2025-08-29,2023,E-Motion,Crossover,44.1,100.0,448.0,39332.0,6.5,Yes,3,Chennai,Complete,1677668.0
EV-20081,2025-08-30,2019,Voltix,Hatchback,76.1,98.8,460.0,23514.0,7.0,Yes,2,Delhi,Partial,1827252.0
EV-20807,2025-08-31,2023,Atheron,Crossover,66.0,86.4,374.0,12495.0,6.1,Yes,1,Delhi,Complete,1859545.0
EV-20339,2025-09-01,2024,E-Motion,SUV,89.0,100.0,447.0,21096.0,3.3,Yes,1,Chennai,Partial,1942816.0
EV-20242,2025-09-02,2016,E-Motion,Crossover,65.8,96.2,236.0,56372.0,6.5,No,2,Hyderabad,Complete,1544726.0
EV-20645,2025-09-03,2017,Atheron,Sedan,61.9,88.1,393.0,50925.0,7.0,Yes,2,Hyderabad,Complete,1499174.0
EV-20843,2025-09-04,2016,Atheron,Crossover,83.0,82.5,353.0,17937.0,4.0,No,2,Delhi,Complete,1590284.0
EV-20347,2025-09-05,2020,Voltix,Sedan,46.6,83.1,413.0,43085.0,6.5,No,1,Pune,Complete,1489961.0
EV-20643,2025-09-06,2023,Voltix,SUV,53.8,89.7,312.0,65896.0,6.7,Yes,3,Pune,Complete,1571842.0
EV-20679,2025-09-07,2018,Nexora,Sedan,66.3,83.4,230.0,44058.0,3.0,No,2,Pune,Complete,1424551.0
EV-20270,2025-09-08,2021,GreenDrive,Hatchback,39.3,82.0,371.0,39113.0,3.6,Yes,2,Delhi,Partial,1375218.0
EV-20778,2025-09-09,2018,E-Motion,Crossover,72.5,90.9,285.0,116021.0,7.3,No,1,Chennai,Complete,1448589.0
EV-20370,2025-09-10,2025,E-Motion,Crossover,67.8,87.4,334.0,94117.0,9.4,Yes,2,Bengaluru,Complete,1589622.0
EV-20464,2025-09-11,2023,Voltix,SUV,50.3,87.2,399.0,72371.0,5.2,Yes,1,Chennai,Complete,1712699.0
EV-20048,2025-09-12,2022,E-Motion,Sedan,45.9,88.2,,46298.0,6.4,No,1,Pune,Complete,1650810.0
EV-20583,2025-09-13,2021,E-Motion,Hatchback,56.2,91.4,412.0,27568.0,7.2,No,2,Mumbai,Partial,1535603.0
EV-20803,2025-09-14,2017,GreenDrive,Crossover,47.8,92.4,397.0,121088.0,4.9,No,2,Pune,,1246861.0
EV-20908,2025-09-15,2017,E-Motion,Sedan,57.9,89.3,387.0,31784.0,6.8,Yes,4,Pune,Complete,1557225.0
EV-20121,2025-09-16,2020,E-Motion,Hatchback,66.6,93.6,430.0,16906.0,9.4,Yes,2,Mumbai,Complete,1635392.0
EV-20924,2025-09-17,2022,Voltix,Hatchback,66.6,95.6,276.0,51699.0,5.7,No,3,Hyderabad,Partial,1548035.0
EV-20468,2025-09-18,2017,GreenDrive,Hatchback,67.9,89.7,470.0,43671.0,6.4,Yes,1,Chennai,Complete,1678843.0
EV-20160,2025-09-19,2025,GreenDrive,Sedan,52.3,91.7,303.0,59405.0,2.7,Yes,1,Chennai,Partial,1615621.0
EV-20815,2025-09-20,2024,Nexora,Crossover,56.9,92.1,436.0,41051.0,8.2,Yes,3,Hyderabad,Complete,1713871.0
EV-20535,2025-09-21,2022,Voltix,Sedan,54.6,89.8,360.0,54354.0,4.3,No,3,Delhi,Complete,1598877.0
EV-20657,2025-09-22,2022,Voltix,Crossover,47.8,95.3,359.0,43076.0,3.8,No,3,Delhi,Partial,1561915.0
EV-20439,2025-09-23,2022,E-Motion,Hatchback,38.9,92.8,397.0,107760.0,5.8,Yes,1,Delhi,Partial,1409107.0
EV-20612,2025-09-24,2018,Nexora,Hatchback,47.4,89.3,522.0,53638.0,9.1,Yes,1,Hyderabad,Complete,1597862.0
EV-20551,2025-09-25,2023,Voltix,Sedan,61.5,89.5,366.0,27193.0,2.3,No,1,Pune,Complete,1795031.0
EV-20229,2025-09-26,2019,GreenDrive,Crossover,44.8,94.3,411.0,42323.0,6.9,No,1,Pune,Complete,1549464.0
EV-20597,2025-09-27,2016,Nexora,SUV,59.2,88.1,208.0,33340.0,6.9,Yes,1,Mumbai,Complete,1521875.0
EV-20337,2025-09-28,2023,Voltix,Sedan,76.4,91.5,245.0,24524.0,2.3,Yes,1,Delhi,Complete,1766877.0
EV-20539,2025-09-29,2025,Voltix,Hatchback,42.9,94.3,324.0,14152.0,4.9,No,1,Bengaluru,Complete,1723377.0
EV-20147,2025-09-30,2024,Nexora,SUV,54.9,78.4,313.0,101904.70972313675,6.8,Yes,1,Chennai,Complete,1557841.0
EV-20030,2025-10-01,2025,GreenDrive,SUV,62.4,97.0,448.0,33033.0,4.3,No,1,Delhi,Complete,1876702.0
EV-20333,2025-10-02,2021,Nexora,SUV,51.4,97.6,387.0,19852.0,7.2,Yes,2,Bengaluru,Partial,1754559.0
EV-20954,2025-10-03,2016,Atheron,Sedan,43.7,84.5,312.0,52332.0,7.9,Yes,1,Delhi,Complete,1315071.0
EV-20451,2025-10-04,2019,E-Motion,Hatchback,58.7,95.7,418.0,40645.0,7.1,No,1,Delhi,Partial,1688157.0
EV-20187,2025-10-05,2018,E-Motion,SUV,43.6,95.0,422.0,24296.0,8.2,Yes,2,Pune,Partial,1599289.0
EV-20272,2025-10-06,2022,E-Motion,Sedan,41.5,94.7,324.0,68338.0,7.4,Yes,1,Delhi,Complete,1490097.0
EV-20897,2025-10-07,2019,Atheron,SUV,85.3,90.3,340.0,18530.0,6.5,No,1,Pune,Complete,1782051.0
EV-20544,2025-10-08,2024,E-Motion,Sedan,38.0,93.9,511.0,67782.0,3.1,Yes,2,Chennai,Complete,1604620.0
EV-20450,2025-10-09,2022,E-Motion,Sedan,59.0,86.7,457.0,13290.0,7.3,No,3,Pune,Partial,1599991.0
EV-20050,2025-10-10,2016,Voltix,Hatchback,48.2,96.6,333.0,106494.0,7.5,Yes,2,Mumbai,Missing,1332038.0
EV-20025,2025-10-11,2018,Voltix,SUV,58.2,89.1,292.0,123883.0,6.3,Yes,1,Pune,Partial,1366653.0
EV-20695,2025-10-12,2016,Atheron,Hatchback,64.3,88.3,350.0,84733.0,4.7,Yes,2,Chennai,Complete,1342958.0
EV-20885,2025-10-13,2024,GreenDrive,SUV,62.9,94.2,436.0,69033.0,5.3,Yes,1,Pune,Partial,1752860.0
EV-20136,2025-10-14,2025,GreenDrive,Hatchback,34.3,87.5,343.0,22342.0,7.0,Yes,1,Mumbai,Partial,1482108.0
EV-20162,2025-10-15,2019,GreenDrive,SUV,61.9,98.5,409.0,32028.0,9.5,Yes,1,Delhi,Partial,1700988.0
EV-20566,2025-10-16,2023,GreenDrive,Hatchback,75.6,90.7,460.0,20461.0,7.9,Yes,1,Hyderabad,Partial,1822703.0
EV-20517,2025-10-17,2025,Voltix,Crossover,64.5,92.6,552.0,118854.0,8.1,Yes,1,Pune,Partial,1737292.0
EV-20314,2025-10-18,2016,E-Motion,Sedan,61.9,95.1,410.0,85335.0,6.7,Yes,2,Bengaluru,Complete,1549507.0
EV-20440,2025-10-19,2018,GreenDrive,Hatchback,57.5,85.9,308.0,58192.0,7.7,No,1,Chennai,Complete,1249191.0
EV-20839,2025-10-20,2016,Nexora,Sedan,65.5,92.3,402.0,20730.0,5.5,No,1,Delhi,Complete,1635141.0
EV-20640,2025-10-21,2025,Atheron,Hatchback,47.0,93.2,353.0,63468.0,5.2,No,1,Pune,Complete,1587680.0
EV-20364,2025-10-22,2023,E-Motion,Sedan,47.0,89.4,264.0,56504.0,4.0,Yes,2,Hyderabad,Partial,1431185.0
EV-20545,2025-10-23,2019,Nexora,Hatchback,79.7,81.6,376.0,47150.0,8.8,No,1,Mumbai,Complete,1487708.0
EV-20255,2025-10-24,2022,Voltix,SUV,46.3,90.1,400.0,103387.0,8.6,No,1,Hyderabad,Complete,1517690.0
EV-20745,2025-10-25,2023,Nexora,Hatchback,58.7,91.5,469.0,47439.0,5.0,No,1,Chennai,Partial,1739698.0
EV-20171,2025-10-26,2022,Nexora,Crossover,48.2,97.1,444.0,15879.0,5.8,No,1,Pune,Complete,1754366.0
EV-20587,2025-10-27,2024,Voltix,Sedan,49.1,87.2,401.0,85208.0,6.4,Yes,1,Mumbai,Complete,1570074.0
EV-20297,2025-10-28,2016,GreenDrive,Hatchback,63.4,86.5,304.0,44065.0,4.5,Yes,2,Hyderabad,Complete,1528590.0
EV-20741,2025-10-29,2022,E-Motion,Crossover,72.6,,222.0,77649.0,6.8,No,2,Pune,Partial,1388467.0
EV-20390,2025-10-30,2018,E-Motion,Hatchback,46.3,97.3,366.0,19814.0,7.1,No,2,Bengaluru,Complete,1447092.0
EV-20476,2025-10-31,2022,E-Motion,Sedan,56.0,94.0,384.0,20798.0,4.4,Yes,1,Bengaluru,Partial,1728359.0
EV-20230,2025-11-01,2017,GreenDrive,Crossover,36.6,87.5,406.0,30322.0,4.5,Yes,1,Chennai,Complete,1530111.0
EV-20377,2025-11-02,2023,E-Motion,SUV,59.2,89.2,447.0,24795.0,6.9,Yes,1,Pune,Complete,1913585.0
EV-20133,2025-11-03,2022,E-Motion,Sedan,33.0,92.6,402.0,78607.0,3.6,Yes,2,Hyderabad,,1432675.0
EV-20681,2025-11-04,2023,E-Motion,Crossover,66.9,100.0,250.0,54108.0,2.0,Yes,1,Chennai,Partial,1702280.0
EV-20478,2025-11-05,2025,GreenDrive,Crossover,54.6,92.5,396.0,29913.0,4.7,No,2,Pune,Partial,1710326.0
EV-20835,2025-11-06,2021,GreenDrive,Sedan,44.3,90.6,390.0,35428.0,10.0,Yes,3,Mumbai,Missing,1492825.0
EV-20358,2025-11-07,2021,Atheron,Hatchback,48.9,96.6,417.0,94652.0,7.9,Yes,1,Hyderabad,Complete,1503175.0
EV-20813,2025-11-08,2021,Atheron,Hatchback,52.5,86.7,358.0,33564.0,4.1,Yes,1,Delhi,Partial,1514520.0
EV-20511,2025-11-09,2024,GreenDrive,Crossover,57.5,99.8,405.0,22841.0,5.6,Yes,1,Mumbai,,1742108.0
EV-20003,2025-11-10,2017,Atheron,Hatchback,62.6,97.2,290.0,77298.0,4.5,Yes,1,Bengaluru,Complete,1479957.0
EV-20268,2025-11-11,2023,Atheron,Hatchback,45.1,92.4,418.0,16957.0,,No,1,Mumbai,,1542651.0
EV-20635,2025-11-12,2017,Nexora,Hatchback,82.2,94.3,331.0,38760.0,8.2,Yes,2,Mumbai,Partial,1615572.0
EV-20523,2025-11-13,2018,Atheron,Hatchback,51.0,90.0,429.0,7881.0,6.4,Yes,1,Delhi,Complete,1613259.0
EV-20179,2025-11-14,2016,E-Motion,SUV,47.0,86.9,395.0,19265.0,7.3,Yes,1,Pune,Complete,1590466.0
EV-20491,2025-11-15,2018,GreenDrive,Hatchback,37.6,94.1,313.0,41435.0,6.8,Yes,1,Bengaluru,Complete,1326376.0
EV-20656,2025-11-16,2024,GreenDrive,Sedan,35.0,94.5,304.0,18672.0,7.3,Yes,1,Chennai,Partial,1489790.0
EV-20892,2025-11-17,2024,Voltix,Hatchback,41.9,91.4,337.0,32161.0,3.8,No,1,Bengaluru,Complete,1568321.0
EV-20425,2025-11-18,2025,Voltix,Hatchback,74.1,86.5,319.0,44125.0,8.3,Yes,1,Mumbai,Partial,1677987.0
EV-20893,2025-11-19,2019,GreenDrive,Sedan,67.8,93.0,256.0,53251.0,2.7,Yes,1,Pune,Missing,1539774.0
EV-20166,2025-11-20,2025,E-Motion,SUV,74.9,85.3,439.0,22779.0,8.6,Yes,1,Chennai,Partial,1949518.0
EV-20259,2025-11-21,2017,Atheron,Crossover,51.3,94.4,362.0,25055.0,5.7,No,2,Pune,Complete,1567272.0
EV-20043,2025-11-22,2018,Nexora,Sedan,41.4,85.3,378.0,22273.0,6.3,No,2,Pune,Partial,1405715.0
EV-20883,2025-11-23,2020,Atheron,Sedan,67.7,88.8,321.0,58313.0,3.2,Yes,1,Bengaluru,Complete,1523711.0
EV-20871,2025-11-24,2020,Atheron,Sedan,42.4,95.4,434.0,16541.0,2.6,Yes,1,Pune,Complete,1712128.0
EV-20520,2025-11-25,2021,Nexora,SUV,57.3,92.1,366.0,33688.0,7.5,Yes,1,Chennai,Complete,1616070.0
EV-20596,2025-11-26,2022,Nexora,SUV,,100.0,400.0,53239.0,4.2,Yes,1,Delhi,Complete,2014685.0
EV-20134,2025-11-27,2024,GreenDrive,Sedan,79.0,91.2,386.0,69292.0,6.9,No,2,Pune,Partial,1553491.0
EV-20528,2025-11-28,2018,Nexora,SUV,64.1,93.5,150.0,47082.0,5.6,Yes,2,Pune,Complete,1607942.0
EV-20559,2025-11-29,2025,Nexora,SUV,54.6,92.2,340.0,28573.0,9.4,Yes,1,Pune,Partial,1740042.0
EV-20243,2025-11-30,2020,Voltix,Sedan,57.2,88.8,331.0,28972.0,7.2,Yes,1,Mumbai,Partial,1495658.0
EV-20727,2025-12-01,2024,GreenDrive,Crossover,47.7,94.1,537.0,46979.0,3.6,Yes,3,Bengaluru,Complete,1765252.0
EV-20260,2025-12-02,2022,Atheron,SUV,56.4,100.0,326.0,127364.0,8.7,Yes,3,Delhi,Missing,1417229.0
EV-20810,2025-12-03,2019,Atheron,Sedan,61.5,86.6,307.0,25437.0,6.5,Yes,3,Bengaluru,Complete,1525852.0
EV-20398,2025-12-04,2017,E-Motion,Hatchback,69.0,89.0,386.0,136174.0,4.5,Yes,2,Delhi,Partial,1323521.0
EV-20155,2025-12-05,2025,Nexora,Sedan,64.7,87.6,326.0,28518.0,8.2,No,1,Hyderabad,Partial,1631665.0
EV-20153,2025-12-06,2018,Nexora,SUV,77.90746881235202,89.1,309.0,31395.0,3.9,Yes,1,Chennai,Complete,1577500.0
EV-20868,2025-12-07,2018,Atheron,Sedan,52.2,91.9,337.0,103626.0,3.7,Yes,2,Bengaluru,Partial,1369790.0
EV-20353,2025-12-08,2017,E-Motion,Sedan,32.5,90.5,382.0,41166.0,8.7,Yes,2,Mumbai,Complete,1443227.0
EV-20886,2025-12-09,2017,Atheron,Crossover,45.1,98.8,314.0,28215.0,7.2,No,1,Mumbai,Missing,1641372.0
EV-20853,2025-12-10,2019,Atheron,Sedan,51.5,77.0,481.0,16117.0,7.4,Yes,1,Mumbai,Complete,1510736.0
EV-20315,2025-12-11,2024,E-Motion,Crossover,,92.5,348.0,34532.0,3.8,No,1,Bengaluru,Partial,1694795.0
EV-20186,2025-12-12,2025,Nexora,SUV,25.7,97.3,328.0,38425.0,8.1,Yes,3,Delhi,Complete,1671086.0
EV-20469,2025-12-13,2021,Voltix,Sedan,43.5,94.6,315.0,83472.0,5.0,Yes,3,Mumbai,Partial,1452940.0
EV-20180,2025-12-14,2024,E-Motion,Sedan,69.3,85.8,514.0,17167.0,4.1,Yes,3,Mumbai,Partial,1881801.0
EV-20079,2025-12-15,2025,Atheron,Crossover,80.7,86.1,299.0,110295.0,8.0,No,1,Pune,Complete,1552541.0
EV-20490,2025-12-16,2019,Atheron,Hatchback,36.4,89.1,471.0,15925.0,6.0,Yes,1,Delhi,Partial,1482799.0
EV-20537,2025-12-17,2023,GreenDrive,SUV,77.1,94.5,426.0,49448.0,6.3,Yes,1,Delhi,Partial,1896066.0
EV-20249,2025-12-18,2017,Nexora,Hatchback,,97.3,253.0,21057.0,6.4,No,2,Delhi,Complete,1601625.0
EV-20407,2025-12-19,2020,E-Motion,SUV,37.3,94.3,418.0,22085.0,4.0,Yes,2,Bengaluru,Complete,1666125.0
EV-20145,2025-12-20,2019,GreenDrive,Sedan,66.6,88.3,407.0,109367.0,4.3,Yes,1,Delhi,Complete,1554954.0
EV-20383,2025-12-21,2022,Voltix,SUV,87.6,91.0,322.0,58330.0,8.0,Yes,2,Bengaluru,Complete,1699099.0
EV-20985,2025-12-22,2021,Voltix,SUV,37.7,85.9,469.0,22169.0,5.8,Yes,1,Chennai,Complete,1755479.0
EV-20104,2025-12-23,2025,Nexora,SUV,52.1,,533.0,76094.0,5.2,No,3,Mumbai,Complete,1663154.0
EV-20652,2025-12-24,2016,Nexora,Crossover,58.1,88.5,349.0,24036.0,6.9,Yes,3,Pune,Complete,1564448.0
EV-20904,2025-12-25,2016,Atheron,Crossover,55.3,92.5,370.0,31221.0,7.1,No,2,Hyderabad,Complete,1368070.0
EV-20489,2025-12-26,2020,Atheron,SUV,67.7,92.4,429.0,46373.0,7.4,Yes,2,Bengaluru,Complete,1750322.0
EV-20068,2025-12-27,2021,E-Motion,Crossover,69.0,90.3,378.0,10579.0,7.2,No,3,Hyderabad,Partial,1518841.0
EV-20054,2025-12-28,2022,GreenDrive,Hatchback,38.4,85.5,476.0,30512.0,5.0,Yes,1,Chennai,,1652755.0
EV-20854,2025-12-29,2024,Voltix,SUV,51.9,91.2,273.0,6845.0,,Yes,1,Bengaluru,Complete,1866808.0
EV-20306,2025-12-30,2020,Atheron,SUV,74.9,93.9,384.0,65791.0,8.2,Yes,1,Pune,Complete,1688245.0
EV-20691,2025-12-31,2024,Voltix,Hatchback,50.3,89.2,262.0,11105.0,3.4,Yes,3,Bengaluru,Missing,1485297.0
EV-20516,2026-01-01,2017,Voltix,Crossover,77.6,92.2,347.0,35888.0,2.2,Yes,1,Chennai,Complete,1871444.0
EV-20351,2026-01-02,2019,GreenDrive,Crossover,62.7,85.0,363.0,34693.0,7.1,Yes,1,Bengaluru,Complete,1601336.0
EV-20796,2026-01-03,2023,Nexora,Crossover,71.9,92.0,281.0,76410.0,7.0,Yes,2,Mumbai,Complete,1628542.0
EV-20291,2026-01-04,2022,GreenDrive,Crossover,33.2,91.0,344.0,86706.0,7.1,Yes,1,Pune,Complete,1434713.0
EV-20841,2026-01-05,2025,GreenDrive,Crossover,48.1,95.0,347.0,33124.0,5.9,Yes,1,Hyderabad,Complete,1803357.0
EV-20923,2026-01-06,2024,GreenDrive,Crossover,57.6,93.3,309.0,102277.0,5.5,No,2,Delhi,Missing,1522030.0
EV-20408,2026-01-07,2019,Atheron,Crossover,57.6,89.2,401.0,67687.0,5.3,Yes,3,Bengaluru,Complete,1516086.0
EV-20001,2026-01-08,2018,E-Motion,SUV,52.4,100.0,473.0,27643.0,,Yes,2,Delhi,Partial,1830937.0
EV-20486,2026-01-09,2018,Voltix,SUV,67.4,91.2,355.0,39445.0,7.9,Yes,3,Pune,Complete,1503519.0
EV-20484,2026-01-10,2020,Nexora,Crossover,47.8,90.0,407.0,35987.0,2.8,Yes,1,Hyderabad,Complete,1739151.0
EV-20115,2026-01-11,2019,Voltix,Sedan,45.3,,420.0,18042.0,5.2,Yes,2,Pune,Partial,1646627.0
EV-20295,2026-01-12,2017,Nexora,Crossover,25.0,94.1,415.0,67414.0,5.9,Yes,1,Delhi,Partial,1514556.0
EV-20241,2026-01-13,2017,Voltix,Hatchback,66.7,91.2,368.0,109805.0,6.3,Yes,2,Mumbai,Complete,1420111.0
EV-20245,2026-01-14,2020,GreenDrive,Crossover,48.7,95.7,420.0,39641.0,7.9,Yes,4,Pune,Complete,1556729.0
EV-20154,2026-01-15,2018,Atheron,SUV,43.9,98.6,438.0,30038.0,4.4,Yes,3,Hyderabad,Complete,1693183.0
EV-20532,2026-01-16,2025,Voltix,SUV,52.7,87.3,472.0,78222.0,8.0,Yes,2,Pune,Missing,1548203.0
EV-20834,2026-01-17,2018,Voltix,Crossover,68.7,84.5,507.0,21530.0,4.6,Yes,1,Hyderabad,Complete,1850335.0
EV-20890,2026-01-18,2024,Atheron,Hatchback,51.2,89.0,285.0,105380.0,6.5,Yes,1,Hyderabad,Complete,1312465.0
EV-20993,2026-01-19,2024,GreenDrive,Sedan,46.7,92.1,269.0,14545.0,6.5,Yes,3,Chennai,Complete,1518944.0
EV-20814,2026-01-20,2020,Nexora,Hatchback,62.6,91.6,314.0,123774.0,6.5,No,2,Bengaluru,Missing,1223202.0
EV-20825,2026-01-21,2016,GreenDrive,Hatchback,65.7,87.7,288.0,33322.0,4.7,Yes,2,Pune,Partial,1438543.0
EV-20058,2026-01-22,2023,Atheron,Hatchback,39.4,94.1,298.0,34344.0,7.8,Yes,1,Delhi,Complete,1490902.0
EV-20071,2026-01-23,2024,Voltix,SUV,82.8,91.4,287.0,30284.0,4.6,No,1,Mumbai,Partial,1780811.0
EV-20572,2026-01-24,2021,Atheron,Sedan,57.1,90.3,354.0,80244.9850441064,7.2,No,2,Mumbai,Partial,1516777.0
EV-20300,2026-01-25,2021,Nexora,Hatchback,48.7,83.3,358.0,26090.0,4.0,No,1,Hyderabad,Complete,1439698.0
EV-20404,2026-01-26,2016,Atheron,SUV,74.4,96.4,422.0,23020.0,7.0,Yes,1,Delhi,Missing,1855776.0
EV-20928,2026-01-27,2016,Atheron,Hatchback,67.4,87.7,352.0,19228.0,5.1,Yes,1,Bengaluru,Complete,1507044.0
EV-20110,2026-01-28,2020,Atheron,Crossover,57.0,86.3,288.0,10404.0,6.8,Yes,1,Bengaluru,Missing,1514054.0
EV-20471,2026-01-29,2024,Voltix,Crossover,63.7,93.2,415.0,47016.0,6.7,No,2,Delhi,Partial,1750261.0
EV-20600,2026-01-30,2018,Atheron,Hatchback,49.9,92.4,318.0,119889.0,,Yes,3,Pune,Partial,1173496.0
EV-20690,2026-01-31,2019,Nexora,Sedan,33.5,94.9,438.0,62232.0,7.6,No,2,Delhi,Complete,1627428.0
EV-20201,2026-02-01,2018,Atheron,Sedan,69.3,94.6,359.0,31651.0,8.4,No,3,Chennai,Complete,1547066.0
EV-20307,2026-02-02,2023,GreenDrive,Crossover,91.7,87.4,461.0,24901.0,3.6,No,3,Hyderabad,Partial,1854584.0
EV-20701,2026-02-03,2019,GreenDrive,Hatchback,58.2,88.0,322.0,14726.0,6.3,Yes,1,Hyderabad,Complete,1468515.0
EV-20304,2026-02-04,2019,GreenDrive,SUV,67.8,100.0,563.0,63917.0,7.1,Yes,2,Chennai,Partial,1749703.0
EV-20101,2026-02-05,2024,GreenDrive,Hatchback,77.6,93.3,447.0,52271.0,5.9,No,1,Mumbai,Complete,1898148.0
EV-20015,2026-02-06,2020,Nexora,Sedan,59.0,,393.0,29809.0,5.7,Yes,2,Chennai,Complete,1548031.0
EV-20424,2026-02-07,2019,Voltix,Hatchback,41.7,90.8,453.0,75903.0,6.0,Yes,2,Chennai,Partial,1485749.0
EV-20061,2026-02-08,2020,GreenDrive,SUV,70.4,96.4,286.0,77695.0,6.0,No,1,Delhi,Partial,1591919.0
EV-20651,2026-02-09,2024,Voltix,SUV,52.1,90.8,389.0,108156.0,7.2,Yes,2,Mumbai,Complete,1592951.0
EV-20210,2026-02-10,2023,Voltix,Hatchback,62.0,81.9,367.0,20056.0,6.6,Yes,2,Hyderabad,Partial,1544528.0
EV-20965,2026-02-11,2022,GreenDrive,Hatchback,60.8,93.0,394.0,42906.0,6.6,Yes,2,Bengaluru,Complete,1611793.0
EV-20953,2026-02-12,2020,E-Motion,Crossover,49.8,89.1,311.0,11613.0,5.1,Yes,2,Mumbai,Complete,1575666.0
EV-20311,2026-02-13,2019,Voltix,SUV,56.5,93.8,435.0,59606.0,,Yes,2,Delhi,Complete,1600795.0
EV-20338,2026-02-14,2024,Nexora,SUV,59.2,94.9,362.0,41878.0,7.8,Yes,1,Hyderabad,Complete,1838727.0
EV-20601,2026-02-15,2025,GreenDrive,Crossover,62.4,87.1,396.0,60659.0,5.6,Yes,1,Hyderabad,Partial,1592273.0
EV-20107,2026-02-16,2019,E-Motion,SUV,51.8,88.2,357.0,104777.0,6.1,Yes,2,Hyderabad,Complete,1438290.0
EV-20620,2026-02-17,2024,Nexora,SUV,73.6,91.4,394.0,43052.0,8.0,Yes,3,Mumbai,Complete,1827056.0
EV-20146,2026-02-18,2017,Atheron,Crossover,47.9,91.7,321.0,92982.0,6.9,Yes,1,Pune,Partial,1323871.0
EV-20041,2026-02-19,2021,Nexora,SUV,49.8,98.6,368.0,19435.0,6.6,No,1,Bengaluru,Partial,1694818.0
EV-20692,2026-02-20,2016,E-Motion,Sedan,47.5,90.5,294.0,59556.0,6.8,Yes,1,Hyderabad,Complete,1378492.0
EV-20206,2026-02-21,2019,Atheron,Sedan,50.3,93.8,314.0,29203.0,3.3,No,1,Bengaluru,Partial,1537310.0
EV-20492,2026-02-22,2020,Nexora,Crossover,57.2,98.6,432.0,35839.0,3.8,Yes,1,Chennai,Complete,1953874.0
EV-20321,2026-02-23,2018,E-Motion,SUV,37.9,87.4,315.0,20305.0,4.3,Yes,2,Delhi,,1533160.0
EV-20642,2026-02-24,2023,Atheron,Crossover,65.3,99.6,385.0,52824.0,7.8,Yes,1,Chennai,Partial,1729101.0
EV-20901,2026-02-25,2018,E-Motion,Crossover,66.3,91.8,266.0,74527.0,3.4,No,1,Hyderabad,Complete,1543391.0
EV-20957,2026-02-26,2024,Voltix,Crossover,65.0,95.2,381.0,49808.0,5.0,Yes,4,Mumbai,Partial,1765416.0
EV-20919,2026-02-27,2022,Atheron,Hatchback,65.4,94.9,354.0,21563.0,6.3,Yes,3,Pune,Complete,1704403.0
EV-20366,2026-02-28,2018,GreenDrive,Sedan,83.3,86.5,351.0,25232.0,4.8,Yes,2,Mumbai,Complete,1727453.0
EV-20895,2026-03-01,2020,E-Motion,Crossover,61.6,82.3,430.0,28229.0,5.8,No,2,Mumbai,Complete,1655726.0
EV-20664,2026-03-02,2021,Nexora,Sedan,62.5,91.9,492.0,24718.0,6.5,Yes,1,Chennai,Missing,1786641.0
EV-20800,2026-03-03,2018,Voltix,Hatchback,,87.4,336.0,33074.0,7.4,Yes,2,Pune,Complete,1441937.0
EV-20752,2026-03-04,2019,E-Motion,Sedan,57.4,91.3,275.0,58040.0,6.8,No,2,Hyderabad,Complete,1306548.0
EV-20264,2026-03-05,2019,Voltix,SUV,41.6,93.4,328.0,20804.0,8.8,Yes,4,Chennai,Complete,1527681.0
EV-20105,2026-03-06,2017,Voltix,Crossover,58.2,100.0,294.0,46125.0,5.6,Yes,1,Hyderabad,Complete,1570411.0
EV-20869,2026-03-07,2024,E-Motion,SUV,88.6,86.4,312.0,74937.0,9.1,Yes,1,Chennai,Partial,1652095.0
EV-20065,2026-03-08,2017,Atheron,Hatchback,58.1,92.8,469.0,12049.0,4.0,Yes,3,Pune,Complete,1706521.0
EV-20792,2026-03-09,2023,GreenDrive,Sedan,72.7,90.0,462.0,15975.0,7.4,No,1,Chennai,Complete,1723902.0
EV-20941,2026-03-10,2024,GreenDrive,Hatchback,45.4,93.2,348.0,81284.0,6.4,Yes,2,Delhi,Partial,1463973.0
EV-20704,2026-03-11,2023,GreenDrive,Crossover,77.0,88.4,357.0,92184.0,5.5,Yes,3,Mumbai,Complete,1604270.0
EV-20269,2026-03-12,2023,Atheron,Sedan,49.4,87.6,428.0,63142.0,6.9,Yes,1,Hyderabad,Missing,1611866.0
EV-20900,2026-03-13,2022,E-Motion,Hatchback,62.4,87.5,282.0,123840.0,3.8,Yes,2,Pune,Missing,1274021.0
EV-20611,2026-03-14,2024,Voltix,Sedan,51.4,,319.0,180000.0,6.0,Yes,1,Chennai,Complete,1380599.0
EV-20389,2026-03-15,2016,Atheron,Sedan,59.6,87.8,228.0,47274.0,9.9,No,1,Delhi,Partial,1373451.0
EV-20233,2026-03-16,2021,Nexora,SUV,42.0,94.1,400.0,25605.0,3.8,Yes,2,Mumbai,Complete,1738687.0
EV-20199,2026-03-17,2025,E-Motion,Hatchback,60.1,89.0,408.0,41689.0,4.7,No,1,Mumbai,Complete,1776159.0
EV-20707,2026-03-18,2023,Atheron,Crossover,52.0,89.1,317.0,22012.0,3.1,No,1,Chennai,Complete,1685416.0
EV-20593,2026-03-19,2018,E-Motion,Sedan,46.2,89.4,377.0,19759.0,3.1,Yes,1,Pune,Missing,1467479.0
EV-20097,2026-03-20,2019,Nexora,Hatchback,73.8,92.3,295.0,39427.0,5.9,No,1,Delhi,,1628907.0
EV-20019,2026-03-21,2017,Voltix,Crossover,47.0,88.9,432.0,25304.0,8.4,Yes,2,Chennai,Partial,1559859.0
EV-20682,2026-03-22,2021,Atheron,Crossover,59.8,90.1,565.0,18215.0,3.9,Yes,1,Mumbai,Complete,1993320.0
EV-20648,2026-03-23,2023,Voltix,Hatchback,68.9,100.0,198.0,57869.0,5.5,Yes,2,Mumbai,Partial,1610910.0
EV-20931,2026-03-24,2025,E-Motion,Hatchback,61.8,93.4,421.0,23163.0,6.0,Yes,2,Mumbai,Partial,1789137.0
EV-20589,2026-03-25,2018,Atheron,Crossover,44.0,87.1,434.0,108019.0,8.3,Yes,4,Mumbai,Complete,1216945.0
EV-20921,2026-03-26,2016,Atheron,SUV,71.5,87.8,282.0,29441.0,3.5,No,1,Pune,Complete,1638989.0
EV-20029,2026-03-27,2023,Voltix,Hatchback,43.1,89.7,510.0,28659.0,5.7,Yes,1,Chennai,Partial,1658517.0
EV-20240,2026-03-28,2024,GreenDrive,SUV,66.3,81.1,368.0,52854.0,3.9,Yes,1,Mumbai,Partial,1655033.0
EV-20217,2026-03-29,2021,Voltix,SUV,58.5,88.4,400.0,39555.0,3.4,Yes,2,Hyderabad,Complete,1803721.0
EV-20158,2026-03-30,2022,E-Motion,SUV,54.4,88.4,456.0,62810.0,7.1,Yes,1,Chennai,Partial,1697894.0
EV-20156,2026-03-31,2019,GreenDrive,Sedan,87.9,89.7,409.0,92823.0,4.1,No,4,Hyderabad,Complete,1476186.0
EV-20705,2026-04-01,2019,Voltix,Crossover,41.8,,470.0,51991.0,6.5,Yes,1,Mumbai,Partial,1656509.0
EV-20819,2026-04-02,2024,Voltix,Crossover,62.5,87.5,267.0,63339.0,7.3,No,3,Delhi,Complete,1495381.0
EV-20109,2026-04-03,2019,E-Motion,Hatchback,25.0,81.3,257.0,47449.0,6.5,Yes,1,Mumbai,Complete,1285824.0
EV-20703,2026-04-04,2022,GreenDrive,Crossover,51.2,89.0,213.0,75991.0,5.6,Yes,2,Pune,Partial,1470876.0
EV-20453,2026-04-05,2017,GreenDrive,Hatchback,59.7,90.3,354.0,51607.0,6.2,Yes,1,Bengaluru,Missing,1343766.0
EV-20371,2026-04-06,2021,E-Motion,Crossover,77.6,90.4,324.0,104550.0,7.8,No,2,Chennai,Complete,1444096.0
EV-20616,2026-04-07,2016,GreenDrive,Crossover,70.1,88.4,231.0,81367.0,4.5,Yes,1,Pune,Complete,1456808.0
EV-20536,2026-04-08,2021,GreenDrive,SUV,59.9,87.6,453.0,18998.0,4.4,Yes,1,Bengaluru,Complete,1821126.0
EV-20872,2026-04-09,2020,GreenDrive,Sedan,61.9,100.0,271.0,39936.0,9.3,No,1,Pune,Complete,1565057.0
EV-20436,2026-04-10,2019,Nexora,Sedan,62.8,93.2,376.0,38720.0,4.0,Yes,2,Bengaluru,Complete,1625973.0
EV-20432,2026-04-11,2023,GreenDrive,SUV,54.5,91.6,432.0,27780.0,8.2,No,3,Mumbai,Complete,1722376.0
EV-20151,2026-04-12,2018,GreenDrive,Sedan,58.8,91.6,563.0,15658.0,3.3,Yes,2,Delhi,Complete,1754669.0
EV-20540,2026-04-13,2017,Atheron,Sedan,49.6,86.1,401.0,28562.0,6.5,Yes,2,Bengaluru,Complete,1583275.0
EV-20099,2026-04-14,2016,Nexora,Crossover,41.2,87.0,303.0,34086.0,7.6,Yes,1,Pune,Partial,1356340.0
EV-20660,2026-04-15,2021,E-Motion,Hatchback,66.3,100.0,430.0,72890.0,7.3,No,1,Bengaluru,Complete,1620153.0
EV-20556,2026-04-16,2020,Nexora,Crossover,67.3,84.4,352.0,45414.0,6.8,Yes,1,Hyderabad,Complete,1627382.0
EV-20947,2026-04-17,2017,Voltix,SUV,48.7,88.7,311.0,55987.0,5.3,Yes,2,Hyderabad,Complete,1420441.0
EV-20617,2026-04-18,2023,Voltix,Sedan,56.5,88.8,366.0,54811.0,7.1,Yes,1,Pune,Complete,1633804.0
EV-20852,2026-04-19,2021,Voltix,Crossover,65.9,78.6,502.0,53072.0,5.3,Yes,3,Mumbai,Complete,1760126.0
EV-20676,2026-04-20,2018,Voltix,SUV,32.1,95.5,283.0,42295.0,5.1,Yes,2,Pune,,1514005.0
EV-20289,2026-04-21,2019,E-Motion,Hatchback,60.9,94.4,190.0,115665.0,7.6,Yes,1,Delhi,Complete,1265022.0
EV-20687,2026-04-22,2021,Nexora,SUV,55.5,88.3,352.0,64176.0,6.0,Yes,1,Chennai,Complete,1589221.0
EV-20942,2026-04-23,2019,Voltix,Crossover,61.6,93.8,354.0,243880.889604745,6.2,Yes,1,Hyderabad,Complete,1580186.0
EV-20108,2026-04-24,2017,Nexora,SUV,64.9,,356.0,70939.0,5.0,Yes,2,Chennai,Complete,1678116.0
EV-20296,2026-04-25,2016,Nexora,Sedan,62.1,81.4,411.0,19987.0,8.3,Yes,1,Bengaluru,Partial,1517182.0
EV-20021,2026-04-26,2019,Atheron,Sedan,73.7,91.2,396.0,58892.0,6.5,Yes,1,Chennai,Missing,1629090.0
EV-20846,2026-04-27,2022,Voltix,Sedan,88.4,,292.0,67340.0,4.1,No,2,Chennai,Complete,1642030.0
EV-20460,2026-04-28,2020,GreenDrive,Sedan,78.4,88.0,359.0,37257.0,6.1,No,3,Mumbai,Complete,1540217.0
EV-20888,2026-04-29,2023,GreenDrive,Crossover,67.7,91.3,391.0,18390.0,6.5,Yes,1,Chennai,Complete,1816828.0
EV-20636,2026-04-30,2017,GreenDrive,Sedan,62.6,86.8,409.0,49479.0,4.7,Yes,1,Mumbai,Complete,1620244.0
EV-20332,2026-05-01,2016,Nexora,Crossover,52.8,93.7,411.0,53740.0,6.2,No,2,Mumbai,Complete,1531529.0
EV-20709,2026-05-02,2020,Voltix,Sedan,51.5,85.6,553.0,59169.0,8.2,Yes,1,Mumbai,Complete,1624342.0
EV-20770,2026-05-03,2016,Voltix,Crossover,50.6,84.8,532.0,34305.0,5.8,Yes,2,Mumbai,Complete,1636231.0
EV-20585,2026-05-04,2024,E-Motion,Hatchback,76.5,86.9,467.0,132481.0,5.4,Yes,1,Pune,Missing,1720395.0
EV-20918,2026-05-05,2018,Atheron,SUV,47.2,99.0,359.0,16084.0,3.6,Yes,1,Pune,Complete,1670307.0
EV-20629,2026-05-06,2020,Nexora,SUV,47.0,87.0,377.0,138463.0,8.1,Yes,1,Bengaluru,Complete,1376893.0
EV-20631,2026-05-07,2018,Nexora,Crossover,58.5,90.8,247.0,34596.0,6.5,No,1,Hyderabad,Missing,1346695.0
EV-20273,2026-05-08,2019,E-Motion,SUV,72.0,85.2,409.0,43314.0,7.1,Yes,1,Chennai,Partial,1654628.0
EV-20435,2026-05-09,2024,Voltix,SUV,48.9,96.2,323.0,46120.0,8.0,Yes,2,Delhi,Missing,1635121.0
EV-20599,2026-05-10,2018,Nexora,Crossover,48.4,89.0,384.0,21369.0,6.9,No,2,Chennai,Complete,1484070.0
EV-20057,2026-05-11,2021,GreenDrive,SUV,39.1,93.1,467.0,62205.0,6.7,No,1,Mumbai,Partial,1542290.0
EV-20650,2026-05-12,2019,E-Motion,Crossover,26.3,95.3,487.0,22545.0,2.7,Yes,2,Bengaluru,Complete,1654092.0
EV-20430,2026-05-13,2017,E-Motion,Crossover,56.9,,188.0,40856.0,9.0,Yes,3,Mumbai,Complete,1324861.0
EV-20685,2026-05-14,2021,Voltix,SUV,36.3,93.6,222.0,177346.0,5.0,No,1,Delhi,Missing,1228000.0
EV-20253,2026-05-15,2023,Atheron,Sedan,37.9,93.4,259.0,74582.0,6.4,Yes,3,Chennai,Complete,1337788.0
EV-20739,2026-05-16,2020,Nexora,Hatchback,63.4,93.0,394.0,31595.0,8.8,Yes,1,Mumbai,Complete,1744629.0
EV-20940,2026-05-17,2017,E-Motion,SUV,91.4,94.6,424.0,38925.0,3.9,No,1,Delhi,Partial,1860865.0
EV-20797,2026-05-18,2024,Voltix,Hatchback,65.0,100.0,294.0,57619.0,,No,1,Hyderabad,Complete,1720808.0
EV-20182,2026-05-19,2018,Voltix,Crossover,67.9,94.7,407.0,25312.0,7.2,Yes,1,Pune,Complete,1711982.0
EV-20721,2026-05-20,2021,GreenDrive,SUV,49.3,86.4,342.0,29105.0,6.9,No,1,Bengaluru,Complete,1384670.0
EV-20735,2026-05-21,2018,E-Motion,Crossover,54.7,97.1,442.0,75507.0,,Yes,1,Chennai,Complete,1640303.0
EV-20579,2026-05-22,2023,E-Motion,Crossover,56.4,99.2,359.0,45285.0,4.8,Yes,2,Delhi,Partial,1831036.0
EV-20413,2026-05-23,2023,Voltix,SUV,55.6,96.4,529.0,64952.0,6.4,Yes,2,Chennai,Partial,1842377.0
EV-20913,2026-05-24,2022,Voltix,Sedan,45.5,85.8,224.0,23007.0,6.4,Yes,1,Chennai,Complete,1508763.0
EV-20974,2026-05-25,2019,GreenDrive,SUV,69.4,85.1,340.0,45089.0,4.8,No,2,Mumbai,Complete,1642833.0
EV-20239,2026-05-26,2016,Atheron,SUV,64.4,97.2,414.0,9731.0,4.8,No,2,Hyderabad,Partial,1738157.0
EV-20470,2026-05-27,2021,Nexora,Hatchback,51.9,85.0,454.0,25266.0,8.4,Yes,1,Bengaluru,Partial,1683140.0
EV-20866,2026-05-28,2019,Voltix,Hatchback,69.0,99.0,371.0,36589.0,4.5,Yes,2,Bengaluru,Complete,1655559.0
EV-20495,2026-05-29,2022,Nexora,SUV,45.8,93.3,482.0,8878.0,6.0,Yes,1,Hyderabad,Partial,1792527.0
EV-20952,2026-05-30,2020,E-Motion,SUV,46.8,82.1,434.0,35832.0,4.0,No,1,Delhi,Partial,1599649.0
EV-20963,2026-05-31,2022,GreenDrive,SUV,38.2,100.0,,69006.0,6.5,No,1,Chennai,Complete,1571571.0
EV-20542,2026-06-01,2025,GreenDrive,Crossover,72.1,95.8,431.0,18765.0,4.7,Yes,3,Chennai,Complete,1852804.0
EV-20927,2026-06-02,2020,Nexora,SUV,34.7,100.0,423.0,50194.0,8.7,No,1,Hyderabad,Partial,1605692.0
EV-20878,2026-06-03,2020,GreenDrive,Hatchback,60.0,92.6,468.0,94004.0,6.3,Yes,2,Hyderabad,Complete,1506477.0
EV-20879,2026-06-04,2017,Nexora,SUV,61.7,94.4,340.0,36166.0,6.3,Yes,1,Bengaluru,Complete,1690292.0
EV-20176,2026-06-05,2020,Nexora,SUV,51.5,91.7,262.0,87765.0,6.9,No,1,Pune,Complete,1472157.0
EV-20864,2026-06-06,2019,GreenDrive,SUV,54.4,93.2,195.0,81095.0,4.2,Yes,2,Pune,Complete,1447596.0
EV-20668,2026-06-07,2023,Nexora,Crossover,40.9,88.0,397.0,37684.0,5.1,Yes,1,Hyderabad,Complete,1690158.0
EV-20461,2026-06-08,2020,Nexora,Sedan,54.1,93.0,445.0,33818.0,7.0,Yes,2,Bengaluru,Partial,1866585.0
EV-20326,2026-06-09,2023,E-Motion,Sedan,81.6,91.4,306.0,25814.0,4.7,Yes,1,Bengaluru,Partial,1828868.0
EV-20373,2026-06-10,2021,GreenDrive,SUV,59.8,89.0,363.0,74985.0,7.5,Yes,2,Pune,Complete,1495711.0
EV-20070,2026-06-11,2016,Voltix,Hatchback,72.8,88.0,214.0,33805.0,,No,2,Chennai,Complete,1337004.0
EV-20983,2026-06-12,2016,E-Motion,SUV,50.5,90.6,393.0,30859.0,5.4,Yes,2,Pune,Complete,1613856.0
EV-20426,2026-06-13,2023,Atheron,Sedan,,87.0,335.0,30422.0,6.1,No,1,Pune,Missing,1631687.0
EV-20340,2026-06-14,2017,GreenDrive,Sedan,52.6,100.0,360.0,77709.0,6.5,Yes,4,Mumbai,Complete,1554465.0
EV-20418,2026-06-15,2016,E-Motion,SUV,52.5,95.9,379.0,16329.0,5.6,Yes,2,Delhi,Partial,1579244.0
EV-20042,2026-06-16,2016,Nexora,SUV,63.9,94.5,402.0,88416.0,8.9,No,2,Hyderabad,Complete,1513748.0
EV-20284,2026-06-17,2017,GreenDrive,SUV,54.3,95.9,347.0,32886.0,4.2,No,2,Chennai,Complete,1512059.0
EV-20335,2026-06-18,2022,Atheron,SUV,48.1,96.9,316.0,27358.0,5.6,Yes,1,Mumbai,Complete,1702639.0
EV-20063,2026-06-19,2017,Voltix,SUV,71.5,95.9,557.0,150959.30506912214,10.0,No,4,Hyderabad,Complete,1620102.0
EV-20964,2026-06-20,2018,Voltix,Hatchback,37.6,92.7,239.0,22727.0,5.3,Yes,1,Delhi,Partial,1434694.0
EV-20784,2026-06-21,2019,Atheron,Crossover,55.3,90.7,460.0,20635.0,8.0,Yes,1,Pune,Partial,1671227.0
EV-20433,2026-06-22,2018,Nexora,Sedan,67.1,93.4,577.0,28369.0,10.2,No,1,Mumbai,Partial,1791481.0
EV-20227,2026-06-23,2020,Atheron,Hatchback,52.3,95.3,438.0,51963.0,5.2,Yes,2,Delhi,Partial,1671972.0
EV-20534,2026-06-24,2025,Atheron,Hatchback,110.40598036321735,94.7,428.0,32753.0,4.2,No,1,Hyderabad,Partial,1730797.0
EV-20671,2026-06-25,2023,Voltix,Hatchback,45.4,90.1,394.0,103495.0,4.9,Yes,3,Bengaluru,Complete,1565296.0
EV-20008,2026-06-26,2016,E-Motion,SUV,80.1,91.1,346.0,67694.0,8.4,No,1,Pune,Complete,1591941.0
EV-20293,2026-06-27,2023,Nexora,Sedan,54.1,98.0,357.0,61262.0,4.5,Yes,3,Pune,Partial,1738906.0
EV-20623,2026-06-28,2022,Atheron,Sedan,62.4,81.1,371.0,31661.0,7.4,No,3,Mumbai,Partial,1463716.0
EV-20271,2026-06-29,2019,Atheron,SUV,36.5,95.0,453.0,45681.0,11.2,Yes,2,Delhi,Complete,1575271.0
EV-20746,2026-06-30,2016,E-Motion,SUV,25.0,88.9,368.0,22284.0,4.2,Yes,1,Mumbai,Complete,1503485.0
EV-20930,2026-07-01,2021,E-Motion,Crossover,48.7,93.6,410.0,56351.0,4.1,Yes,2,Chennai,Complete,1620561.0
EV-20060,2026-07-02,2018,Voltix,SUV,62.6,93.1,334.0,31251.0,3.3,Yes,3,Pune,Missing,1591766.0
EV-20035,2026-07-03,2021,Atheron,SUV,62.9,94.0,396.0,101696.0,4.1,No,1,Bengaluru,Complete,1661102.0
EV-20248,2026-07-04,2023,E-Motion,SUV,59.6,85.6,392.0,90472.0,8.4,Yes,4,Bengaluru,Missing,1421716.0
EV-20294,2026-07-05,2021,E-Motion,SUV,59.2,84.9,336.0,111847.0,4.3,No,1,Mumbai,Complete,1389768.0
EV-20069,2026-07-06,2025,Voltix,Sedan,52.5,96.6,273.0,86463.0,7.5,Yes,1,Mumbai,Complete,1597216.0
EV-20943,2026-07-07,2023,Voltix,SUV,56.6,,386.0,26202.0,6.4,Yes,1,Mumbai,Partial,1726157.0
EV-20851,2026-07-08,2017,Nexora,Sedan,58.0,98.0,169.0,21307.0,5.6,No,1,Chennai,Partial,1533675.0
EV-20303,2026-07-09,2021,GreenDrive,Sedan,72.6,100.0,506.0,43700.0,6.0,Yes,1,Mumbai,Partial,1922087.0
EV-20084,2026-07-10,2024,Nexora,Crossover,63.2,99.5,273.0,29364.0,4.3,Yes,3,Chennai,Partial,1643643.0
EV-20798,2026-07-11,2016,Voltix,Crossover,63.3,96.8,373.0,44598.0,7.0,Yes,1,Bengaluru,Complete,1720188.0
EV-20688,2026-07-12,2021,Nexora,Crossover,50.3,,332.0,76938.0,6.3,Yes,1,Bengaluru,Complete,1653638.0
EV-20226,2026-07-13,2018,Voltix,Crossover,61.3,88.7,353.0,51082.0,2.9,Yes,1,Chennai,Partial,1618406.0
EV-20177,2026-07-14,2020,Voltix,SUV,57.3,91.5,,82603.0,6.0,Yes,2,Chennai,Complete,1503786.0
EV-20738,2026-07-15,2022,Nexora,Sedan,42.6,83.9,258.0,30117.0,6.1,No,1,Bengaluru,Complete,1420889.0
EV-20527,2026-07-16,2020,E-Motion,Sedan,52.8,83.6,290.0,73172.0,6.1,Yes,3,Delhi,Complete,1419710.0
EV-20283,2026-07-17,2022,E-Motion,Crossover,62.7,91.2,235.0,68105.0,5.9,No,2,Hyderabad,Partial,1481531.0
EV-20824,2026-07-18,2016,E-Motion,SUV,53.2,98.2,354.0,119998.0,6.9,Yes,1,Pune,Complete,1482469.0
EV-20960,2026-07-19,2016,Atheron,SUV,95.3,93.4,251.0,48979.0,6.2,Yes,2,Mumbai,Complete,1757168.0
EV-20262,2026-07-20,2025,Voltix,SUV,43.8,91.6,395.0,87107.0,6.1,Yes,2,Delhi,Complete,1649767.0
EV-20225,2026-07-21,2025,Nexora,Sedan,44.5,94.5,382.0,30454.0,5.0,Yes,2,Chennai,Partial,1734542.0
EV-20658,2026-07-22,2019,GreenDrive,Hatchback,46.1,92.5,491.0,62666.0,6.4,Yes,1,Delhi,Complete,1495788.0
EV-20950,2026-07-23,2019,Atheron,Sedan,69.2,94.0,382.0,46751.0,7.6,Yes,2,Pune,Partial,1631185.0
EV-20967,2026-07-24,2018,Nexora,Sedan,,88.8,392.0,44419.0,,Yes,2,Hyderabad,Complete,1341201.0
EV-20388,2026-07-25,2024,Atheron,Sedan,30.0,81.0,405.0,86871.0,,Yes,2,Hyderabad,Complete,1333104.0
EV-20776,2026-07-26,2022,E-Motion,Hatchback,63.3,85.3,509.0,62660.0,3.2,Yes,1,Hyderabad,Complete,1667850.0
EV-20494,2026-07-27,2016,Voltix,SUV,54.9,96.0,273.0,96434.0,9.3,Yes,2,Hyderabad,Complete,1413912.0
EV-20790,2026-07-28,2025,GreenDrive,Sedan,76.7,88.4,334.0,57391.0,5.0,Yes,1,Pune,Complete,1647630.0
EV-20806,2026-07-29,2018,E-Motion,Hatchback,73.7,86.1,293.0,39702.0,8.6,No,2,Bengaluru,Missing,1462444.0
EV-20067,2026-07-30,2019,Nexora,Hatchback,44.0,91.7,266.0,91113.0,7.6,No,2,Mumbai,Partial,1268134.0
EV-20287,2026-07-31,2023,Atheron,SUV,75.7,91.7,508.0,49831.0,8.9,No,1,Delhi,Partial,1888266.0
EV-20966,2026-08-01,2020,Nexora,Hatchback,41.1,89.9,425.0,151984.0,5.2,Yes,1,Pune,Complete,1393379.0
EV-20331,2026-08-02,2023,Atheron,SUV,56.0,98.5,331.0,39184.0,6.8,Yes,1,Delhi,Complete,1825817.0
EV-20857,2026-08-03,2024,Atheron,Crossover,50.9,98.7,379.0,15208.0,8.2,Yes,3,Mumbai,Missing,1733520.0
EV-20533,2026-08-04,2020,E-Motion,SUV,62.4,88.4,418.0,35779.0,9.5,Yes,3,Delhi,Complete,1578395.0
EV-20526,2026-08-05,2021,Nexora,Sedan,93.19228224036857,94.2,421.0,22734.0,5.3,Yes,2,Pune,,1750935.0
EV-20998,2026-08-06,2025,Atheron,Sedan,45.7,93.6,274.0,52948.0,6.2,Yes,4,Mumbai,,1517539.0
EV-20822,2026-08-07,2020,Atheron,SUV,67.1,93.8,402.0,17684.0,5.9,No,1,Bengaluru,Complete,1834229.0
EV-20817,2026-08-08,2022,Voltix,Sedan,67.8,97.9,340.0,141919.0,6.1,No,3,Chennai,Missing,1352486.0
EV-20905,2026-08-09,2021,GreenDrive,Hatchback,47.7,92.2,304.0,6965.0,7.6,Yes,2,Pune,Missing,1584806.0
EV-20216,2026-08-10,2022,GreenDrive,Hatchback,45.6,91.3,,71558.0,6.8,Yes,2,Pune,Complete,1451409.0
EV-20244,2026-08-11,2021,Atheron,Crossover,53.1,,362.0,175075.0,5.5,Yes,2,Chennai,Complete,1306482.0
EV-20618,2026-08-12,2023,Atheron,Hatchback,50.5,93.7,328.0,23964.0,6.6,Yes,1,Mumbai,Partial,1609978.0
EV-20387,2026-08-13,2025,Voltix,SUV,69.8,93.5,244.0,51944.0,6.4,Yes,1,Pune,Partial,1641462.0
EV-20801,2026-08-14,2016,Atheron,Sedan,62.6,85.5,313.0,73772.0,6.2,Yes,1,Delhi,Partial,1380052.0
EV-20894,2026-08-15,2019,Nexora,Hatchback,64.7,98.8,514.0,35102.0,3.4,No,1,Pune,Complete,1811595.0
EV-20647,2026-08-16,2019,Atheron,Crossover,45.3,92.7,472.0,52907.0,4.2,Yes,1,Mumbai,Complete,1742982.0
EV-20764,2026-08-17,2023,Voltix,Crossover,58.0,83.5,333.0,62429.0,3.5,No,1,Bengaluru,Complete,1533267.0
EV-20409,2026-08-18,2023,Voltix,SUV,54.5,93.5,302.0,43710.0,4.3,Yes,2,Hyderabad,Partial,1713980.0
EV-20902,2026-08-19,2023,Nexora,Sedan,51.9,84.8,348.0,26940.0,4.9,Yes,1,Bengaluru,Partial,1723226.0
EV-20570,2026-08-20,2018,E-Motion,SUV,30.8,93.7,405.0,16490.0,4.9,Yes,3,Bengaluru,Complete,1600858.0
EV-20173,2026-08-21,2024,Nexora,Crossover,79.8,94.2,459.0,14720.0,2.0,Yes,1,Bengaluru,Partial,2029110.0
EV-20302,2026-08-22,2017,GreenDrive,Crossover,,80.2,326.0,77068.0,7.1,Yes,1,Mumbai,Complete,1283858.0
EV-20519,2026-08-23,2023,Atheron,Sedan,74.4,87.3,316.0,20210.0,6.1,Yes,1,Delhi,Complete,1746761.0
EV-20372,2026-08-24,2019,E-Motion,Hatchback,54.9,90.0,422.0,86971.0,4.0,No,1,Pune,Complete,1394468.0
EV-20876,2026-08-25,2024,E-Motion,Hatchback,48.9,85.1,408.0,157097.0,4.7,Yes,2,Bengaluru,Complete,1463362.0
EV-20576,2026-08-26,2021,E-Motion,SUV,43.5,96.2,295.0,23039.0,7.3,No,2,Bengaluru,Complete,1701868.0
EV-20706,2026-08-27,2025,Atheron,Sedan,49.4,87.9,494.0,44340.0,5.9,Yes,1,Delhi,Partial,1619928.0
EV-20118,2026-08-28,2022,Atheron,SUV,46.8,100.0,323.0,49200.0,6.6,No,1,Mumbai,Complete,1729397.0
EV-20529,2026-08-29,2022,E-Motion,Sedan,50.1,88.4,480.0,83910.0,6.0,No,1,Delhi,Complete,1648666.0
EV-20987,2026-08-30,2017,E-Motion,Crossover,59.9,97.9,361.0,141751.0,5.3,Yes,1,Delhi,Complete,1472301.0
EV-20594,2026-08-31,2022,Voltix,Crossover,50.5,86.0,259.0,32151.0,7.8,Yes,3,Pune,Complete,1432799.0
EV-20805,2026-09-01,2016,GreenDrive,Hatchback,67.7,93.6,356.0,66284.0,6.0,Yes,2,Mumbai,Partial,1570746.0
EV-20431,2026-09-02,2020,GreenDrive,Crossover,,97.1,282.0,61140.0,7.0,No,2,Delhi,Complete,1459706.0
EV-20775,2026-09-03,2016,GreenDrive,Crossover,86.2,93.0,336.0,46425.0,5.8,Yes,1,Mumbai,Complete,1690800.0
EV-20214,2026-09-04,2023,Voltix,SUV,81.3,84.3,401.0,28927.0,5.6,Yes,1,Hyderabad,Complete,1861502.0
EV-20619,2026-09-05,2021,Nexora,SUV,49.1,,549.0,17977.0,6.6,Yes,4,Bengaluru,Complete,1835091.0
EV-20169,2026-09-06,2019,Voltix,Crossover,49.5,99.3,302.0,20040.0,7.1,Yes,3,Delhi,Partial,1561434.0
EV-20191,2026-09-07,2019,GreenDrive,Hatchback,70.0,92.8,386.0,79587.0,7.0,Yes,2,Bengaluru,Missing,1326971.0
EV-20829,2026-09-08,2024,Voltix,Crossover,50.3,87.6,304.0,10596.0,3.9,Yes,2,Chennai,Complete,1684990.0
EV-20362,2026-09-09,2022,GreenDrive,SUV,46.9,90.8,367.0,15499.0,4.5,Yes,1,Delhi,Missing,1700996.0
EV-20862,2026-09-10,2016,GreenDrive,Crossover,66.5,94.0,406.0,44060.0,,Yes,3,Pune,Partial,1548840.0
EV-20479,2026-09-11,2020,Atheron,Sedan,37.6,95.4,569.0,120085.0,3.9,No,3,Hyderabad,Complete,1517335.0
EV-20995,2026-09-12,2018,GreenDrive,Hatchback,68.4,100.0,400.0,115179.0,7.8,Yes,1,Delhi,Partial,1547603.0
EV-20205,2026-09-13,2025,Voltix,Crossover,58.7,85.4,371.0,42295.0,8.6,Yes,1,Mumbai,Complete,1631202.0
EV-20515,2026-09-14,2016,GreenDrive,Hatchback,61.6,100.0,210.0,37482.0,7.0,Yes,1,Mumbai,Complete,1492498.0
EV-20172,2026-09-15,2016,Nexora,SUV,50.6,81.1,416.0,60132.0,5.1,Yes,1,Delhi,Complete,1533378.0
EV-20200,2026-09-16,2017,GreenDrive,Hatchback,66.4,93.7,348.0,49548.0,6.5,No,1,Chennai,,1470687.0
EV-20804,2026-09-17,2017,E-Motion,Hatchback,80.6,93.6,312.0,6086.0,6.7,No,1,Delhi,Partial,1586813.0
EV-20875,2026-09-18,2019,Nexora,Sedan,80.0,95.3,513.0,108281.0,8.5,No,1,Bengaluru,Partial,1635897.0
EV-20548,2026-09-19,2023,Voltix,SUV,89.9,87.4,494.0,34609.0,6.4,Yes,1,Delhi,Complete,1976346.0
EV-20821,2026-09-20,2022,E-Motion,Crossover,51.3,98.1,387.0,27424.0,3.2,Yes,1,Chennai,Partial,1815250.0
EV-20991,2026-09-21,2022,Nexora,Hatchback,52.6,89.5,411.0,68992.0,5.1,No,1,Hyderabad,Complete,1543304.0
EV-20794,2026-09-22,2020,Voltix,SUV,45.83600477776425,86.8,457.0,11193.0,4.4,Yes,1,Pune,Complete,1653340.0
EV-20196,2026-09-23,2017,Atheron,Sedan,67.3,91.5,377.0,56093.0,5.2,No,2,Pune,Partial,1530899.0
EV-20700,2026-09-24,2018,E-Motion,Crossover,44.5,77.3,493.0,18271.0,5.8,Yes,1,Bengaluru,Partial,1544933.0
EV-20569,2026-09-25,2023,Nexora,Hatchback,55.0,97.6,483.0,180000.0,5.2,Yes,2,Bengaluru,Complete,1534470.0
EV-20979,2026-09-26,2018,Nexora,Hatchback,37.4,89.2,485.0,29190.0,5.4,No,2,Delhi,Complete,1574784.0
EV-20602,2026-09-27,2023,Nexora,SUV,66.5,93.1,491.0,97462.0,8.0,Yes,1,Chennai,Partial,1722682.0
EV-20633,2026-09-28,2016,Voltix,Sedan,30.8,100.0,464.0,79990.0,5.2,Yes,1,Chennai,Complete,1590968.0
EV-20889,2026-09-29,2018,GreenDrive,SUV,31.0,96.6,368.0,60155.0,7.4,Yes,2,Delhi,Complete,1463488.0
EV-20748,2026-09-30,2019,E-Motion,Crossover,,92.3,368.0,11329.0,5.4,Yes,3,Pune,Complete,1519483.0
EV-20263,2026-10-01,2016,Voltix,SUV,62.2,91.2,387.0,13127.0,3.9,No,1,Mumbai,Complete,1787362.0
EV-20376,2026-10-02,2018,GreenDrive,Sedan,92.6,96.8,446.0,31478.0,9.1,Yes,2,Bengaluru,Complete,1793645.0
EV-20590,2026-10-03,2023,E-Motion,Hatchback,46.8,90.6,483.0,16927.0,2.1,Yes,1,Bengaluru,Complete,1711536.0
EV-20909,2026-10-04,2017,E-Motion,Sedan,47.3,97.4,345.0,26937.0,6.3,Yes,2,Pune,Complete,1585890.0
EV-20787,2026-10-05,2025,Voltix,Sedan,52.2,87.4,240.0,28328.0,5.1,Yes,1,Bengaluru,Partial,1587266.0
EV-20808,2026-10-06,2021,Nexora,SUV,60.6,87.7,428.0,36379.0,3.0,No,2,Hyderabad,Complete,1659768.0
EV-20686,2026-10-07,2016,Voltix,Crossover,51.0,90.2,196.0,94257.0,5.4,Yes,3,Chennai,Complete,1199901.0
EV-20077,2026-10-08,2025,Voltix,Sedan,50.5,94.4,187.0,59379.0,4.6,Yes,1,Hyderabad,Missing,1512202.0
EV-20258,2026-10-09,2020,Atheron,Sedan,53.9,82.6,276.0,15133.0,3.1,Yes,4,Bengaluru,Partial,1389930.0
EV-20161,2026-10-10,2017,Nexora,Sedan,,87.2,410.0,31763.0,6.2,Yes,1,Bengaluru,Partial,1734867.0
EV-20884,2026-10-11,2017,Voltix,Crossover,64.9,85.2,298.0,18551.0,7.7,Yes,1,Mumbai,Complete,1584395.0
EV-20082,2026-10-12,2019,Voltix,Crossover,63.7,95.1,287.0,108643.0,8.2,Yes,2,Delhi,Partial,1428989.0
EV-20128,2026-10-13,2024,Voltix,Sedan,60.0,97.7,376.0,38775.0,7.6,Yes,1,Hyderabad,Complete,1858335.0
EV-20774,2026-10-14,2025,E-Motion,Crossover,105.05723037720253,87.0,321.0,48632.0,7.0,Yes,1,Chennai,Complete,1574858.0
EV-20802,2026-10-15,2023,E-Motion,Crossover,61.8,86.9,279.0,41113.0,7.4,No,2,Bengaluru,Partial,1503406.0
EV-20317,2026-10-16,2017,GreenDrive,Crossover,56.5,89.6,331.0,20427.0,8.3,Yes,1,Bengaluru,Complete,1507356.0
EV-20578,2026-10-17,2025,Nexora,Sedan,61.9,95.8,381.0,25219.0,7.9,Yes,1,Delhi,Complete,1808881.0
EV-20193,2026-10-18,2023,Atheron,Crossover,31.3,97.2,285.0,33740.0,8.1,Yes,4,Chennai,Complete,1444991.0
EV-20117,2026-10-19,2023,Atheron,Sedan,,87.2,475.0,32271.0,4.2,Yes,3,Chennai,Partial,1634025.0
EV-20982,2026-10-20,2025,Nexora,Sedan,,90.9,249.0,26687.0,5.1,No,3,Hyderabad,Missing,1327563.0
EV-20591,2026-10-21,2017,Voltix,SUV,58.1,89.1,207.0,53504.0,8.2,Yes,1,Bengaluru,Complete,1456162.0
EV-20632,2026-10-22,2017,E-Motion,Crossover,51.2,87.5,304.0,43184.0,3.0,No,2,Pune,Complete,1388709.0
EV-20675,2026-10-23,2025,Atheron,Hatchback,32.9,97.8,315.0,94032.0,6.0,Yes,2,Hyderabad,Missing,1412797.0
EV-20102,2026-10-24,2022,Voltix,Hatchback,62.4,95.0,,54424.0,5.9,Yes,2,Hyderabad,Partial,1753994.0
EV-20188,2026-10-25,2020,GreenDrive,Hatchback,35.4,88.6,304.0,48570.0,3.8,Yes,1,Delhi,Partial,1356240.0
EV-20689,2026-10-26,2017,Nexora,Crossover,63.2,94.8,365.0,54393.0,4.6,Yes,3,Hyderabad,Complete,1511660.0
EV-20045,2026-10-27,2018,E-Motion,Crossover,,92.6,303.0,55918.0,3.4,No,1,Delhi,Partial,1474173.0
EV-20781,2026-10-28,2025,Atheron,Sedan,109.20308225943607,92.9,556.0,45595.0,4.9,Yes,1,Chennai,Complete,2042543.0
EV-20002,2026-10-29,2022,Atheron,Hatchback,69.7,92.0,363.0,75343.0,7.6,No,1,Pune,Complete,1616533.0
EV-20972,2026-10-30,2017,GreenDrive,Crossover,73.1,93.8,263.0,38290.0,3.8,No,1,Chennai,Complete,1628662.0
EV-20159,2026-10-31,2023,Atheron,SUV,44.6,90.9,205.0,50437.0,6.3,Yes,1,Hyderabad,Missing,1491325.0
EV-20463,2026-11-01,2023,Atheron,Crossover,45.4,96.3,320.0,58060.0,4.9,No,2,Hyderabad,Complete,1619851.0
EV-20039,2026-11-02,2024,Voltix,Hatchback,53.1,93.1,343.0,36134.0,4.5,Yes,1,Mumbai,Partial,1676428.0
EV-20427,2026-11-03,2017,Nexora,Crossover,,90.0,375.0,35420.0,5.2,Yes,1,Pune,Missing,1427968.0
EV-20933,2026-11-04,2025,Voltix,Crossover,50.0,85.0,426.0,37068.0,3.8,Yes,1,Mumbai,Complete,1701061.0
EV-20710,2026-11-05,2024,GreenDrive,Sedan,68.5,88.8,335.0,15635.0,5.5,Yes,2,Chennai,Missing,1572949.0
EV-20098,2026-11-06,2017,Nexora,Crossover,59.0,93.4,351.0,14379.0,3.2,Yes,1,Mumbai,Partial,1734891.0
EV-20911,2026-11-07,2016,E-Motion,Hatchback,38.1,97.7,379.0,65270.0,6.4,Yes,4,Bengaluru,Complete,1478803.0
EV-20699,2026-11-08,2017,Atheron,Hatchback,66.8,96.4,469.0,64972.0,6.4,Yes,1,Hyderabad,Missing,1673818.0
EV-20733,2026-11-09,2016,GreenDrive,SUV,55.4,84.3,311.0,47989.0,5.5,Yes,1,Mumbai,Complete,1539444.0
EV-20280,2026-11-10,2025,Atheron,SUV,73.6,95.3,203.0,23111.0,4.2,Yes,1,Mumbai,Complete,1758989.0
EV-20582,2026-11-11,2020,Atheron,Crossover,51.8,91.3,188.0,62150.0,7.2,No,1,Pune,Partial,1313932.0
EV-20211,2026-11-12,2022,Voltix,Crossover,54.8,92.2,237.0,38592.0,5.5,No,4,Mumbai,Complete,1463940.0
EV-20994,2026-11-13,2017,GreenDrive,Crossover,74.3,96.9,281.0,22130.0,7.4,Yes,1,Pune,Complete,1756838.0
EV-20694,2026-11-14,2016,Nexora,SUV,84.9,93.1,311.0,42225.0,5.4,Yes,1,Delhi,Complete,1867375.0
EV-20758,2026-11-15,2023,Atheron,Crossover,87.7,86.0,406.0,67039.0,4.8,Yes,3,Chennai,Partial,1629169.0
EV-20510,2026-11-16,2022,Nexora,SUV,60.4,98.4,296.0,71157.0,6.9,No,1,Chennai,Complete,1617539.0
EV-20053,2026-11-17,2023,E-Motion,SUV,86.3,81.3,433.0,159767.0,7.1,Yes,1,Delhi,,1559561.0
EV-20369,2026-11-18,2025,GreenDrive,Hatchback,72.2,94.6,511.0,47983.0,6.2,Yes,1,Delhi,Partial,1854753.0
EV-20441,2026-11-19,2023,GreenDrive,SUV,61.4,84.7,515.0,32768.0,5.1,Yes,4,Pune,Partial,1711085.0
EV-20742,2026-11-20,2025,Nexora,Sedan,64.3,85.2,485.0,50274.0,3.5,Yes,1,Hyderabad,Complete,1797848.0
EV-20038,2026-11-21,2017,Nexora,Crossover,56.0,93.2,289.0,32695.0,7.4,No,3,Delhi,Complete,1515014.0
EV-20588,2026-11-22,2020,Nexora,Crossover,44.1,90.7,481.0,141481.0,4.1,No,3,Chennai,,1595098.0
EV-20150,2026-11-23,2017,Atheron,SUV,43.5,,305.0,19535.0,7.8,Yes,2,Bengaluru,Partial,1431289.0
EV-20141,2026-11-24,2025,Nexora,SUV,39.0,86.3,461.0,49698.0,7.3,No,1,Mumbai,Complete,1773018.0
EV-20032,2026-11-25,2020,GreenDrive,SUV,60.2,92.8,407.0,18940.0,5.9,No,2,Delhi,Complete,1713260.0
EV-20728,2026-11-26,2020,E-Motion,Sedan,60.0,88.4,401.0,12431.0,8.3,Yes,1,Bengaluru,Complete,1692929.0
EV-20073,2026-11-27,2022,E-Motion,Sedan,75.6,90.7,382.0,124993.0,6.5,No,1,Mumbai,Complete,1621289.0
EV-20677,2026-11-28,2019,Atheron,SUV,68.9,95.3,559.0,26673.0,7.7,Yes,1,Pune,Complete,1883411.0
EV-20184,2026-11-29,2017,GreenDrive,Sedan,63.4,95.7,366.0,18566.0,9.4,No,2,Bengaluru,Partial,1560244.0
EV-20672,2026-11-30,2017,Atheron,Crossover,51.4,88.2,243.0,55743.0,8.1,Yes,1,Delhi,Complete,1294247.0
EV-20684,2026-12-01,2024,Voltix,SUV,49.1,86.2,218.0,49682.0,6.0,Yes,1,Mumbai,Complete,1618883.0
EV-20462,2026-12-02,2020,GreenDrive,Sedan,29.6,87.1,332.0,22714.0,5.2,Yes,2,Pune,Complete,1456637.0
EV-20385,2026-12-03,2019,Atheron,Crossover,77.0,90.1,392.0,42529.0,5.5,No,2,Chennai,Complete,1647913.0
EV-20946,2026-12-04,2025,Nexora,Hatchback,58.2,100.0,499.0,8045.0,4.9,Yes,1,Hyderabad,Missing,1981109.0
EV-20673,2026-12-05,2024,GreenDrive,Sedan,59.4,88.9,406.0,55956.0,6.9,Yes,2,Hyderabad,Complete,1556462.0
EV-20605,2026-12-06,2016,Atheron,Hatchback,81.9,91.1,271.0,27111.0,3.7,Yes,3,Chennai,Complete,1485534.0
EV-20968,2026-12-07,2020,Voltix,Hatchback,33.2,83.7,289.0,25114.0,6.3,Yes,1,Chennai,Partial,1357544.0
EV-20610,2026-12-08,2017,Nexora,Sedan,69.3,,379.0,22898.0,6.2,Yes,1,Bengaluru,Complete,1676092.0
EV-20500,2026-12-09,2021,Voltix,SUV,48.9,89.6,324.0,66731.0,5.3,Yes,1,Delhi,Partial,1534269.0
EV-20324,2026-12-10,2016,Atheron,SUV,62.4,93.4,354.0,85269.0,7.2,Yes,2,Pune,Partial,1417414.0
EV-20755,2026-12-11,2023,Atheron,SUV,59.4,95.3,483.0,45641.0,3.0,Yes,2,Pune,Complete,1819005.0
EV-20725,2026-12-12,2024,E-Motion,SUV,80.8,89.9,401.0,25962.0,10.5,Yes,1,Chennai,Complete,1815211.0
EV-20990,2026-12-13,2021,GreenDrive,SUV,38.9,96.1,343.0,26252.0,9.1,Yes,3,Mumbai,Complete,1510734.0
EV-20126,2026-12-14,2025,E-Motion,SUV,51.4,98.0,348.0,107515.0,5.4,No,1,Delhi,Complete,1514605.0
EV-20970,2026-12-15,2021,Atheron,Hatchback,51.7,,345.0,46749.0,8.6,No,1,Chennai,Partial,1403366.0
EV-20785,2026-12-16,2021,Voltix,Hatchback,29.5,91.8,459.0,67336.0,7.3,Yes,1,Bengaluru,Partial,1384071.0
EV-20396,2026-12-17,2025,Nexora,SUV,63.7,90.6,406.0,34674.0,7.2,Yes,1,Delhi,Complete,1797369.0
EV-20374,2026-12-18,2021,Nexora,Sedan,51.1,94.5,370.0,52967.0,5.5,No,1,Chennai,Complete,1608688.0
EV-20194,2026-12-19,2018,GreenDrive,SUV,59.3,81.8,261.0,80791.0,4.0,No,2,Chennai,Complete,1257677.0
EV-20363,2026-12-20,2024,Voltix,SUV,64.2,93.0,410.0,13853.0,5.6,Yes,4,Pune,Complete,1744557.0
EV-20113,2026-12-21,2017,GreenDrive,Hatchback,49.6,98.4,418.0,38566.0,7.8,Yes,3,Delhi,Complete,1511149.0
EV-20818,2026-12-22,2020,E-Motion,Crossover,72.2,89.5,488.0,57980.0,5.3,Yes,1,Chennai,,1703282.0
EV-20310,2026-12-23,2016,E-Motion,SUV,54.0,83.3,346.0,120264.0,4.4,No,1,Chennai,Partial,1232423.0
EV-20521,2026-12-24,2020,GreenDrive,Hatchback,49.8,83.7,425.0,64567.0,5.2,No,1,Pune,Complete,1438609.0
EV-20608,2026-12-25,2019,Nexora,SUV,59.6,90.1,272.0,20131.0,6.7,Yes,1,Pune,Missing,1560518.0
EV-20788,2026-12-26,2022,Atheron,Crossover,43.0,84.1,207.0,34061.0,3.1,No,1,Chennai,Partial,1487692.0
EV-20849,2026-12-27,2022,Atheron,Sedan,75.5,89.4,265.0,22503.0,6.7,Yes,1,Bengaluru,Partial,1648319.0
EV-20106,2026-12-28,2016,GreenDrive,Hatchback,54.4,90.6,400.0,81095.0,11.1,No,2,Mumbai,Complete,1303927.0
EV-20621,2026-12-29,2017,GreenDrive,Hatchback,66.7,87.3,387.0,22428.0,6.3,Yes,3,Bengaluru,Partial,1527209.0
EV-20637,2026-12-30,2022,GreenDrive,Hatchback,52.8,100.0,312.0,22776.0,6.5,Yes,1,Delhi,Partial,1569538.0
EV-20174,2026-12-31,2023,Voltix,SUV,34.6,93.1,370.0,101584.0,5.3,Yes,1,Pune,Complete,1443945.0
EV-20022,2027-01-01,2018,Voltix,Hatchback,74.1,83.3,401.0,156868.0,6.6,Yes,2,Pune,Partial,1183921.0
EV-20072,2027-01-02,2017,E-Motion,Crossover,39.6,91.8,218.0,65108.0,6.4,Yes,1,Pune,Partial,1386647.0
EV-20312,2027-01-03,2017,Atheron,SUV,79.2,90.1,474.0,149990.0,6.7,Yes,1,Pune,Complete,1631792.0
EV-20999,2027-01-04,2021,Nexora,Crossover,50.2,93.5,184.0,53473.0,8.5,Yes,2,Mumbai,Complete,1613808.0
EV-20971,2027-01-05,2024,Atheron,Sedan,71.1,93.7,366.0,79447.0,5.7,Yes,2,Delhi,Missing,1528737.0
EV-20092,2027-01-06,2022,E-Motion,Crossover,52.6,88.8,441.0,25637.0,4.4,Yes,1,Hyderabad,Complete,1708328.0
EV-20089,2027-01-07,2019,Nexora,Hatchback,63.6,83.4,182.0,58062.0,6.7,No,2,Delhi,Complete,1300481.0
EV-20178,2027-01-08,2021,E-Motion,Sedan,55.0,100.0,273.0,42159.0,6.7,Yes,3,Hyderabad,Missing,1547032.0
EV-20678,2027-01-09,2020,Voltix,Hatchback,31.8,94.7,260.0,33783.0,2.7,Yes,1,Mumbai,Complete,1488900.0
EV-20907,2027-01-10,2022,E-Motion,SUV,42.3,81.2,403.0,38443.0,5.7,Yes,1,Delhi,Partial,1566299.0
EV-20665,2027-01-11,2017,Voltix,Hatchback,39.0,100.0,364.0,24397.0,7.5,Yes,1,Mumbai,Partial,1599572.0
EV-20543,2027-01-12,2019,Nexora,Sedan,37.5,91.5,420.0,19720.0,,No,2,Hyderabad,Complete,1681455.0
EV-20714,2027-01-13,2016,Atheron,Sedan,56.5,96.7,334.0,37286.0,2.0,Yes,2,Pune,Complete,1598515.0
EV-20724,2027-01-14,2022,GreenDrive,Hatchback,67.8,88.8,386.0,37826.0,6.9,No,1,Hyderabad,Partial,1545670.0
EV-20958,2027-01-15,2020,Nexora,SUV,71.1,92.2,403.0,71321.0,4.3,No,1,Hyderabad,Complete,1645371.0
EV-20218,2027-01-16,2025,E-Motion,Sedan,47.1,100.0,541.0,120343.0,7.1,No,1,Pune,Partial,1551392.0
EV-20779,2027-01-17,2020,Nexora,Sedan,65.7,,503.0,24123.0,5.0,Yes,1,Chennai,Partial,2008096.0
EV-20504,2027-01-18,2025,GreenDrive,Hatchback,59.1,94.0,294.0,90704.0,2.2,Yes,2,Delhi,Partial,1559692.0
EV-20555,2027-01-19,2022,Voltix,Crossover,39.9,93.1,418.0,26694.0,6.1,Yes,2,Pune,Complete,1617119.0
EV-20112,2027-01-20,2022,Nexora,Sedan,84.8,91.9,426.0,23860.0,4.2,Yes,1,Chennai,,1886861.0
EV-20088,2027-01-21,2022,GreenDrive,Crossover,79.4,88.3,377.0,53102.0,6.0,Yes,2,Chennai,Complete,1714458.0
EV-20638,2027-01-22,2022,Nexora,Crossover,53.8,91.2,407.0,37165.0,6.2,No,3,Delhi,Complete,1553786.0
EV-20628,2027-01-23,2017,Voltix,Crossover,49.7,84.5,523.0,105034.0,8.6,Yes,1,Chennai,Complete,1466109.0
EV-20487,2027-01-24,2021,Voltix,Hatchback,68.3,88.7,408.0,5779.0,9.4,Yes,3,Delhi,Complete,1715613.0
EV-20912,2027-01-25,2023,Voltix,Sedan,52.8,,501.0,95022.0,6.2,Yes,3,Hyderabad,Partial,1541348.0
EV-20996,2027-01-26,2020,Nexora,SUV,64.0,94.6,387.0,70303.0,6.7,No,2,Bengaluru,Complete,1647002.0
EV-20944,2027-01-27,2024,GreenDrive,Sedan,60.8,98.0,,44822.0,5.0,No,2,Hyderabad,Complete,1833797.0
EV-20454,2027-01-28,2017,E-Motion,Crossover,44.0,87.2,324.0,69417.0,6.7,Yes,1,Bengaluru,,1430054.0
EV-20368,2027-01-29,2016,GreenDrive,Hatchback,75.7,91.1,342.0,20072.0,8.9,Yes,1,Bengaluru,Partial,1584066.0
EV-20266,2027-01-30,2019,Voltix,SUV,66.0,88.2,444.0,128720.0,7.7,Yes,2,Bengaluru,Complete,1574143.0
EV-20086,2027-01-31,2025,E-Motion,SUV,25.0,92.8,480.0,83103.0,6.5,No,3,Pune,Complete,1489227.0
EV-20231,2027-02-01,2023,Atheron,Sedan,38.2,99.6,533.0,36823.0,7.9,Yes,1,Hyderabad,Partial,1787089.0
EV-20036,2027-02-02,2022,GreenDrive,SUV,48.1,95.4,495.0,52995.0,7.6,Yes,2,Chennai,Complete,1636895.0
EV-20649,2027-02-03,2018,Atheron,SUV,55.4,91.0,522.0,10077.0,2.9,Yes,1,Bengaluru,Complete,1803188.0
EV-20744,2027-02-04,2020,E-Motion,Crossover,55.1,87.3,322.0,48965.0,7.0,Yes,2,Hyderabad,Partial,1519800.0
EV-20422,2027-02-05,2020,Nexora,Crossover,68.2,92.8,497.0,16717.0,3.6,No,2,Chennai,Partial,1798038.0
EV-20005,2027-02-06,2025,Voltix,Sedan,61.41577406027222,91.8,452.0,114700.0,2.2,Yes,1,Mumbai,Missing,1458529.0
EV-20457,2027-02-07,2023,E-Motion,Sedan,55.1,90.1,516.0,35415.0,3.2,No,2,Chennai,Complete,1746617.0
EV-20737,2027-02-08,2019,Atheron,Hatchback,53.9,82.3,301.0,52921.0,6.2,Yes,2,Mumbai,,1266332.0
EV-20446,2027-02-09,2024,Nexora,Hatchback,66.1,96.1,426.0,19959.0,8.7,Yes,1,Chennai,Complete,1835351.0
EV-20830,2027-02-10,2017,GreenDrive,Hatchback,43.6,90.4,440.0,24857.0,3.5,Yes,1,Mumbai,Complete,1620946.0
EV-20816,2027-02-11,2025,E-Motion,Crossover,67.4,88.9,443.0,40215.0,7.3,Yes,2,Delhi,Complete,1713816.0
EV-20429,2027-02-12,2016,GreenDrive,SUV,34.2,89.9,439.0,28886.0,7.1,Yes,2,Hyderabad,Complete,1462393.0
EV-20219,2027-02-13,2024,GreenDrive,Crossover,54.9,85.2,425.0,64862.0,7.3,No,1,Chennai,Partial,1545095.0
EV-20467,2027-02-14,2020,E-Motion,Crossover,63.9,99.2,407.0,14083.0,5.1,Yes,1,Delhi,Complete,1858455.0
EV-20447,2027-02-15,2020,Nexora,SUV,28.7,87.4,331.0,19409.0,8.9,No,3,Delhi,Complete,1432859.0
EV-20880,2027-02-16,2020,GreenDrive,Sedan,38.4,87.9,444.0,41537.0,7.2,Yes,1,Chennai,Partial,1473413.0
EV-20281,2027-02-17,2017,Voltix,Hatchback,59.7,87.0,283.0,55487.0,4.2,Yes,3,Bengaluru,Partial,1469087.0
EV-20149,2027-02-18,2021,GreenDrive,Hatchback,57.3,93.1,426.0,20497.0,6.9,Yes,2,Mumbai,Complete,1543631.0
EV-20444,2027-02-19,2020,Voltix,Crossover,75.9,92.2,223.0,24898.0,4.3,Yes,1,Chennai,Complete,1605585.0
EV-20558,2027-02-20,2016,Voltix,Hatchback,60.5,92.2,277.0,38709.0,7.5,No,2,Pune,Complete,1385643.0
EV-20898,2027-02-21,2022,Nexora,SUV,57.2,88.9,397.0,65391.0,3.8,Yes,1,Pune,Complete,1731568.0
EV-20716,2027-02-22,2018,Atheron,Crossover,53.5,86.1,478.0,105449.0,5.5,Yes,2,Pune,Complete,1495866.0
EV-20148,2027-02-23,2023,Nexora,Hatchback,53.4,85.6,283.0,50707.0,5.0,Yes,1,Bengaluru,Partial,1437329.0
EV-20514,2027-02-24,2020,Atheron,Crossover,78.7,91.2,309.0,129144.0,6.4,Yes,1,Pune,Complete,1525721.0
EV-20449,2027-02-25,2023,Nexora,Hatchback,68.3,97.2,484.0,13318.0,8.6,No,3,Bengaluru,Partial,1796592.0
EV-20313,2027-02-26,2019,GreenDrive,Crossover,35.9,81.4,217.0,155098.0,7.9,Yes,1,Delhi,Complete,1019997.0
EV-20680,2027-02-27,2016,Atheron,SUV,60.7,89.0,338.0,12863.0,7.9,Yes,1,Mumbai,Complete,1627888.0
EV-20793,2027-02-28,2021,E-Motion,SUV,68.0,87.3,350.0,44903.0,7.1,Yes,1,Delhi,Partial,1640262.0
EV-20615,2027-03-01,2017,GreenDrive,Hatchback,,80.2,527.0,79997.0,5.4,Yes,1,Bengaluru,Partial,1594748.0
EV-20976,2027-03-02,2017,E-Motion,Crossover,48.9,86.3,355.0,63380.0,7.0,Yes,1,Pune,Complete,1447287.0
EV-20400,2027-03-03,2023,Voltix,SUV,55.7,88.9,295.0,24454.0,5.4,Yes,1,Bengaluru,Complete,1767425.0
EV-20094,2027-03-04,2017,Voltix,SUV,64.2,98.5,373.0,28932.0,6.7,Yes,3,Chennai,Missing,1648973.0
EV-20224,2027-03-05,2021,Atheron,Hatchback,69.6,88.2,247.0,44336.0,4.6,Yes,2,Pune,Complete,1528719.0
EV-20634,2027-03-06,2025,Nexora,Sedan,43.9,89.9,405.0,18814.0,3.7,Yes,1,Pune,Complete,1811434.0
EV-20261,2027-03-07,2021,Voltix,Crossover,44.8,92.1,382.0,35036.0,2.0,Yes,2,Bengaluru,Partial,1661193.0
EV-20736,2027-03-08,2023,E-Motion,SUV,35.4,87.8,347.0,125147.0,8.1,Yes,1,Bengaluru,Missing,1351151.0
EV-20193,2027-03-09,2023,Atheron,Crossover,31.3,97.2,285.0,33740.0,8.1,Yes,4,Chennai,Complete,1444991.0
EV-20322,2027-03-10,2016,Nexora,SUV,59.8,92.6,182.0,36732.0,6.8,Yes,2,Chennai,Partial,1477274.0
EV-20509,2027-03-11,2022,Nexora,Sedan,50.9,88.8,325.0,23469.0,3.4,Yes,1,Chennai,Complete,1664737.0
EV-20474,2027-03-12,2017,E-Motion,Sedan,46.2,93.0,350.0,51540.0,4.2,Yes,3,Chennai,Complete,1487445.0
EV-20428,2027-03-13,2024,Atheron,Hatchback,61.4,91.9,,47635.0,6.9,No,3,Delhi,Partial,1639178.0
EV-20586,2027-03-14,2022,Nexora,Hatchback,46.0,93.8,485.0,57483.0,6.6,Yes,3,Chennai,Complete,1774298.0
EV-20466,2027-03-15,2025,Voltix,Hatchback,48.1,90.5,212.0,22365.0,5.8,Yes,2,Delhi,Complete,1456204.0
EV-20666,2027-03-16,2023,GreenDrive,Hatchback,75.3,90.5,301.0,160368.0,3.7,Yes,3,Mumbai,Missing,1365385.0
EV-20988,2027-03-17,2023,GreenDrive,Sedan,,87.7,400.0,42022.0,7.1,Yes,1,Hyderabad,Complete,1700441.0
EV-20087,2027-03-18,2023,Voltix,SUV,36.2,98.2,412.0,24195.0,5.7,Yes,2,Pune,Complete,1723485.0
EV-20144,2027-03-19,2017,E-Motion,Sedan,42.2,79.5,396.0,64092.0,4.7,No,3,Pune,Complete,1216710.0
EV-20906,2027-03-20,2020,Nexora,Hatchback,59.4,93.9,237.0,36190.0,3.6,Yes,2,Bengaluru,Complete,1647106.0
EV-20345,2027-03-21,2019,Atheron,Sedan,66.1,92.3,275.0,24392.0,2.0,No,3,Hyderabad,Complete,1525912.0
EV-20477,2027-03-22,2016,Nexora,Hatchback,42.2,98.1,,30556.0,8.3,No,1,Pune,Complete,1592901.0
EV-20812,2027-03-23,2022,GreenDrive,SUV,61.9,82.8,522.0,26951.0,4.0,Yes,1,Pune,Complete,1726852.0
EV-20761,2027-03-24,2019,Voltix,Hatchback,44.6,87.9,468.0,58558.0,7.5,Yes,2,Mumbai,Complete,1430240.0
EV-20125,2027-03-25,2016,Atheron,Sedan,65.0,85.5,501.0,141893.3504741967,7.2,Yes,1,Hyderabad,Partial,1624373.0
EV-20277,2027-03-26,2025,Atheron,Hatchback,58.3,89.9,300.0,36344.0,4.8,No,2,Chennai,Complete,1495424.0
EV-20143,2027-03-27,2023,E-Motion,Hatchback,71.5,80.1,389.0,18874.0,5.4,Yes,1,Pune,Complete,1607798.0
EV-20279,2027-03-28,2019,E-Motion,SUV,65.6,87.1,381.0,116102.0,6.8,No,2,Bengaluru,Complete,1395622.0
EV-20863,2027-03-29,2024,GreenDrive,Sedan,56.7,90.7,426.0,76816.0,9.0,Yes,2,Delhi,Partial,1616347.0
EV-20181,2027-03-30,2025,Voltix,Sedan,46.2,79.1,477.0,37778.0,8.0,Yes,1,Delhi,Partial,1639642.0
EV-20017,2027-03-31,2016,E-Motion,SUV,34.5,88.2,300.0,76176.0,5.1,No,3,Mumbai,Complete,1235460.0
EV-20232,2027-04-01,2024,GreenDrive,Crossover,79.5,100.0,358.0,85073.0,8.2,No,2,Delhi,Complete,1702172.0
EV-20702,2027-04-02,2016,E-Motion,Hatchback,45.5,93.4,351.0,25099.0,8.5,Yes,1,Pune,Complete,1541959.0
EV-20047,2027-04-03,2020,Nexora,SUV,68.2,89.3,259.0,15402.0,6.6,Yes,1,Hyderabad,Missing,1634976.0
EV-20157,2027-04-04,2018,Atheron,Hatchback,63.4,81.1,343.0,59122.0,6.8,Yes,1,Bengaluru,Complete,1481801.0
EV-20740,2027-04-05,2018,GreenDrive,Sedan,59.9,95.1,306.0,42529.0,6.6,Yes,3,Delhi,Complete,1420343.0
EV-20978,2027-04-06,2021,Nexora,Hatchback,75.5,,390.0,47802.0,,Yes,2,Chennai,Partial,1719449.0
EV-20475,2027-04-07,2016,Nexora,SUV,67.5,94.3,501.0,51902.0,3.3,Yes,1,Mumbai,Partial,1847653.0
EV-20406,2027-04-08,2023,GreenDrive,Hatchback,39.0,91.2,450.0,66056.0,7.5,Yes,1,Mumbai,Complete,1530211.0
EV-20334,2027-04-09,2020,Nexora,SUV,56.3,,414.0,49738.0,6.1,No,1,Pune,Partial,1624898.0
EV-20823,2027-04-10,2025,Nexora,Crossover,59.4,87.4,471.0,100117.0,4.6,Yes,1,Bengaluru,Partial,1695950.0
EV-20754,2027-04-11,2020,GreenDrive,SUV,37.9,92.8,153.0,42680.0,6.4,Yes,3,Chennai,Complete,1173010.0
EV-20027,2027-04-12,2024,Nexora,Sedan,31.3,94.6,352.0,19195.0,9.2,No,1,Mumbai,Complete,1545197.0
EV-20414,2027-04-13,2022,E-Motion,Hatchback,83.3,82.5,440.0,6719.0,4.1,No,2,Delhi,Complete,1826602.0
EV-20164,2027-04-14,2019,Atheron,Sedan,59.6,100.0,420.0,51171.0,6.7,Yes,3,Pune,Complete,1608175.0
EV-20760,2027-04-15,2019,E-Motion,Crossover,,83.8,376.0,22528.0,5.4,No,2,Hyderabad,Partial,1448043.0
EV-20442,2027-04-16,2023,E-Motion,SUV,68.5,87.4,514.0,15724.0,6.5,Yes,2,Bengaluru,Complete,1897144.0
EV-20212,2027-04-17,2019,E-Motion,Hatchback,97.1,91.3,373.0,90806.0,8.4,No,2,Chennai,,1534393.0
EV-20683,2027-04-18,2025,Voltix,Crossover,42.0,88.1,276.0,20364.0,5.7,Yes,1,Chennai,Partial,1585876.0
EV-20820,2027-04-19,2016,Atheron,Sedan,74.9,97.8,316.0,39788.0,,Yes,1,Mumbai,Missing,1584186.0
EV-20641,2027-04-20,2022,GreenDrive,Sedan,54.8,89.7,473.0,13121.0,9.0,Yes,1,Hyderabad,Partial,1675031.0
EV-20881,2027-04-21,2018,Voltix,Sedan,47.1,89.4,314.0,148747.0,5.1,Yes,1,Delhi,Complete,1188328.0
EV-20204,2027-04-22,2016,Voltix,Crossover,38.4,98.5,221.0,61982.0,4.1,No,1,Pune,Partial,1354177.0
EV-20197,2027-04-23,2023,Nexora,SUV,58.2,86.6,488.0,8368.0,6.5,Yes,1,Bengaluru,Complete,1873996.0
EV-20139,2027-04-24,2017,GreenDrive,Sedan,78.8,93.6,,45097.0,6.6,No,1,Pune,Partial,1489146.0
EV-20722,2027-04-25,2024,Atheron,Sedan,51.9,92.0,292.0,117684.0,5.5,No,1,Bengaluru,,1377189.0
EV-20791,2027-04-26,2021,Atheron,Hatchback,25.0,88.3,344.0,107205.0,6.2,Yes,1,Mumbai,Complete,1249369.0
EV-20661,2027-04-27,2024,Nexora,SUV,59.3,90.2,324.0,61135.0,4.3,Yes,1,Bengaluru,Complete,1668399.0
EV-20573,2027-04-28,2021,Voltix,Crossover,71.3,,250.0,70377.0,7.0,Yes,1,Hyderabad,Partial,1497358.0
EV-20209,2027-04-29,2017,GreenDrive,Hatchback,48.5,98.0,401.0,14566.0,4.3,Yes,3,Bengaluru,Partial,1559823.0
EV-20375,2027-04-30,2018,E-Motion,SUV,47.9,93.0,411.0,80865.0,3.5,Yes,1,Hyderabad,Complete,1659211.0
EV-20826,2027-05-01,2021,Nexora,SUV,61.3,87.8,365.0,73015.0,2.6,No,4,Pune,Partial,1611878.0
EV-20378,2027-05-02,2019,Nexora,SUV,45.8,88.1,376.0,42940.0,3.1,Yes,1,Delhi,Partial,1605286.0
EV-20011,2027-05-03,2016,Nexora,Sedan,57.9,99.5,,40831.0,8.4,Yes,4,Mumbai,Complete,1591429.0
EV-20223,2027-05-04,2024,GreenDrive,Hatchback,29.7,87.2,302.0,51280.0,6.9,Yes,1,Delhi,Partial,1423292.0
EV-20844,2027-05-05,2018,Atheron,Crossover,59.8,87.4,337.0,20828.0,8.1,No,1,Bengaluru,Complete,1472193.0
EV-20592,2027-05-06,2022,E-Motion,Sedan,65.2,87.7,332.0,19957.0,5.5,Yes,3,Pune,Partial,1593720.0
EV-20298,2027-05-07,2018,Atheron,Hatchback,60.4,83.0,359.0,30563.0,5.5,No,4,Pune,Complete,1406963.0
EV-20279,2027-05-08,2019,E-Motion,SUV,65.6,87.1,381.0,116102.0,6.8,No,2,Bengaluru,Complete,1395622.0
EV-20009,2027-05-09,2017,Atheron,Crossover,54.3,83.9,298.0,69328.0,8.8,No,2,Chennai,Complete,1288950.0
EV-20327,2027-05-10,2025,E-Motion,SUV,41.3,97.0,242.0,45664.0,4.9,No,1,Pune,Complete,1590752.0
EV-20840,2027-05-11,2020,Atheron,SUV,59.3,99.7,374.0,38801.0,6.6,Yes,2,Pune,Partial,1598486.0
EV-20207,2027-05-12,2019,GreenDrive,Crossover,69.5,82.5,458.0,146451.0,8.1,No,1,Chennai,Complete,1378831.0
EV-20915,2027-05-13,2023,Atheron,SUV,,91.6,277.0,34455.0,7.6,Yes,1,Hyderabad,Missing,1677290.0
EV-20080,2027-05-14,2018,Voltix,Sedan,64.9,86.7,268.0,66360.0,3.2,No,1,Mumbai,Complete,1483833.0
EV-20975,2027-05-15,2025,Atheron,SUV,75.3,95.7,448.0,88098.0,8.6,Yes,2,Chennai,Partial,1824961.0
EV-20096,2027-05-16,2020,Atheron,Sedan,80.6,92.8,384.0,23636.0,8.5,Yes,1,Hyderabad,Partial,1607438.0
EV-20137,2027-05-17,2017,Nexora,Crossover,30.9,92.9,200.0,56012.0,5.5,Yes,3,Hyderabad,Complete,1236701.0
EV-20192,2027-05-18,2023,Atheron,SUV,74.6,93.8,455.0,99854.0,6.4,Yes,2,Delhi,Complete,1714215.0
EV-20962,2027-05-19,2023,Nexora,Sedan,69.3,94.3,376.0,28565.0,5.0,Yes,2,Delhi,Complete,1766285.0
EV-20052,2027-05-20,2020,Nexora,Hatchback,39.1,85.1,424.0,24532.0,5.7,No,1,Pune,Complete,1489603.0
EV-20020,2027-05-21,2023,Nexora,Hatchback,39.0,86.1,276.0,43462.0,,Yes,1,Pune,Missing,1483689.0
EV-20458,2027-05-22,2024,Atheron,Sedan,78.6,94.7,483.0,49908.0,6.0,Yes,1,Bengaluru,Complete,1933302.0
EV-20443,2027-05-23,2023,Nexora,Hatchback,48.5,95.7,455.0,36757.0,7.4,Yes,3,Mumbai,Complete,1710731.0
EV-20743,2027-05-24,2025,Voltix,Crossover,67.6,95.3,501.0,26173.0,5.1,Yes,1,Bengaluru,Complete,2072547.0
EV-20064,2027-05-25,2018,E-Motion,Crossover,69.1,95.6,299.0,33505.0,7.5,Yes,1,Chennai,Complete,1618536.0
EV-20361,2027-05-26,2020,Voltix,SUV,43.4,87.0,296.0,48334.0,5.0,No,1,Hyderabad,Complete,1489924.0
EV-20896,2027-05-27,2019,GreenDrive,Hatchback,76.5,88.5,,32955.0,5.1,No,1,Hyderabad,Complete,1591512.0
EV-20341,2027-05-28,2016,GreenDrive,Sedan,68.4,87.1,415.0,81227.0,5.6,Yes,1,Bengaluru,Complete,1511710.0
EV-20290,2027-05-29,2016,Nexora,SUV,70.6,89.1,298.0,8239.0,7.1,Yes,1,Chennai,Complete,1614795.0
EV-20348,2027-05-30,2024,Nexora,Sedan,46.4,96.3,465.0,28950.0,4.8,No,1,Pune,Partial,1851098.0
EV-20350,2027-05-31,2025,Atheron,SUV,80.5,93.2,414.0,33862.0,6.5,Yes,2,Hyderabad,Partial,1867318.0
EV-20319,2027-06-01,2019,E-Motion,Crossover,70.2,88.7,249.0,24881.0,6.9,Yes,1,Delhi,Complete,1657822.0
EV-20222,2027-06-02,2023,E-Motion,Crossover,64.9,86.1,387.0,49578.0,9.7,No,2,Hyderabad,Complete,1586361.0
EV-20411,2027-06-03,2023,Nexora,Sedan,49.9,86.2,355.0,20965.0,7.5,Yes,1,Chennai,Partial,1596105.0
EV-20131,2027-06-04,2022,Atheron,Hatchback,58.9,88.6,326.0,28304.0,5.9,Yes,3,Delhi,Missing,1601064.0
EV-20604,2027-06-05,2021,Voltix,Sedan,32.6,,293.0,59815.0,7.5,No,1,Delhi,Complete,1377723.0
EV-20718,2027-06-06,2025,Atheron,Sedan,69.8,93.1,353.0,178655.0,5.3,No,1,Mumbai,Complete,1408633.0
EV-20847,2027-06-07,2016,Voltix,Sedan,76.6,87.2,427.0,65934.0,12.0,Yes,2,Hyderabad,Partial,1535091.0
EV-20697,2027-06-08,2018,Atheron,Hatchback,72.5,95.4,327.0,138838.0,7.6,No,2,Pune,Partial,1274268.0
EV-20018,2027-06-09,2020,Atheron,Hatchback,80.0,,389.0,52388.0,5.7,Yes,2,Hyderabad,Complete,1650638.0
EV-20346,2027-06-10,2016,Atheron,SUV,50.3,94.6,393.0,40401.0,8.0,Yes,2,Delhi,Partial,1565448.0
EV-20574,2027-06-11,2016,Nexora,Hatchback,58.3,95.6,315.0,25884.0,8.1,Yes,2,Delhi,Partial,1560028.0
EV-20731,2027-06-12,2018,GreenDrive,Hatchback,56.9,95.7,539.0,29064.0,3.9,Yes,1,Mumbai,Partial,1854772.0
EV-20567,2027-06-13,2016,Nexora,Crossover,79.9,95.5,346.0,20381.0,6.4,No,1,Chennai,Partial,1673123.0
EV-20698,2027-06-14,2021,Atheron,Sedan,55.6,87.4,367.0,52666.0,6.6,No,3,Delhi,Complete,1368661.0
EV-20669,2027-06-15,2024,E-Motion,SUV,71.5,94.1,428.0,23592.0,4.8,Yes,2,Pune,Partial,1901015.0
EV-20503,2027-06-16,2020,Atheron,Hatchback,73.2,99.0,355.0,52130.0,3.6,Yes,1,Chennai,Complete,1716888.0
EV-20769,2027-06-17,2020,Nexora,SUV,46.9,89.8,433.0,35136.0,7.3,No,1,Pune,Partial,1593808.0
EV-20951,2027-06-18,2020,E-Motion,Sedan,40.2,100.0,314.0,15859.0,6.5,Yes,1,Bengaluru,Partial,1640096.0
EV-20046,2027-06-19,2020,Voltix,Hatchback,73.1,99.0,367.0,121631.0,2.0,Yes,2,Pune,Partial,1575296.0
EV-20989,2027-06-20,2022,Voltix,SUV,66.2,91.3,283.0,21500.0,5.4,Yes,1,Hyderabad,Complete,1810163.0
EV-20981,2027-06-21,2022,Nexora,Hatchback,46.7,96.0,340.0,16002.0,9.4,Yes,1,Chennai,Complete,1560068.0
EV-20031,2027-06-22,2019,Atheron,Sedan,54.5,88.1,298.0,67530.0,5.2,Yes,3,Chennai,Complete,1354635.0
EV-20836,2027-06-23,2020,Atheron,Crossover,68.9,98.0,427.0,44287.0,5.2,Yes,1,Chennai,Missing,1721694.0
EV-20265,2027-06-24,2017,E-Motion,Hatchback,97.7,,432.0,63815.0,6.1,No,1,Pune,Partial,1622601.0
EV-20659,2027-06-25,2023,E-Motion,Sedan,51.7,91.0,456.0,46437.0,4.5,Yes,2,Delhi,Complete,1658036.0
EV-20858,2027-06-26,2025,Voltix,SUV,42.0,90.9,571.0,44528.0,5.5,No,1,Chennai,Complete,1761757.0
EV-20732,2027-06-27,2023,Atheron,Hatchback,82.8,84.1,211.0,24417.0,7.1,Yes,2,Chennai,Complete,1540241.0
EV-20093,2027-06-28,2022,Voltix,SUV,37.3,87.1,360.0,33117.0,5.2,No,1,Chennai,,1527175.0
EV-20508,2027-06-29,2021,Atheron,Sedan,74.7,83.6,493.0,81140.0,,No,1,Delhi,Missing,1524145.0
EV-20546,2027-06-30,2021,Nexora,Crossover,61.8,100.0,250.0,24807.0,6.0,No,3,Bengaluru,Partial,1570725.0
EV-20773,2027-07-01,2019,Nexora,Crossover,61.3,91.6,259.0,40922.0,7.0,Yes,1,Bengaluru,Partial,1558011.0
EV-20759,2027-07-02,2022,Nexora,Sedan,91.9,90.7,432.0,85163.0,3.1,Yes,1,Pune,Complete,1850038.0
EV-20498,2027-07-03,2021,Atheron,SUV,58.6,99.5,266.0,42067.0,9.4,Yes,2,Hyderabad,Partial,1617416.0
EV-20496,2027-07-04,2024,Atheron,Crossover,52.4,95.3,400.0,150570.0,6.2,Yes,1,Mumbai,Partial,1581557.0
EV-20095,2027-07-05,2019,GreenDrive,Hatchback,47.9,94.0,376.0,49904.0,6.5,No,3,Hyderabad,Complete,1442969.0
EV-20837,2027-07-06,2022,E-Motion,Hatchback,45.4,94.5,379.0,103273.0,6.9,Yes,1,Bengaluru,Partial,1426264.0
EV-20568,2027-07-07,2017,GreenDrive,Sedan,82.5,89.5,630.0,45823.0,6.4,Yes,1,Delhi,Complete,1907925.0
EV-20766,2027-07-08,2025,Atheron,Hatchback,62.3,100.0,465.0,33553.0,3.7,Yes,2,Bengaluru,Missing,1836481.0
EV-20828,2027-07-09,2016,GreenDrive,Crossover,36.6,93.4,385.0,42829.0,9.0,Yes,1,Pune,Partial,1455423.0
EV-20329,2027-07-10,2019,Nexora,Crossover,49.9,87.3,434.0,34448.0,5.2,Yes,4,Pune,Complete,1641668.0
EV-20531,2027-07-11,2023,Voltix,Hatchback,61.3,96.5,399.0,17887.0,5.7,No,3,Bengaluru,Missing,1710951.0
EV-20000,2027-07-12,2018,Nexora,SUV,62.6,87.5,474.0,137443.0,5.6,No,3,Pune,Complete,1440997.0
EV-20195,2027-07-13,2021,Nexora,Sedan,73.8,86.4,381.0,16388.0,5.5,Yes,1,Hyderabad,Missing,1863860.0
EV-20076,2027-07-14,2021,Voltix,SUV,65.4,84.3,404.0,19350.0,7.0,Yes,2,Chennai,Complete,1661221.0
EV-20472,2027-07-15,2025,Voltix,SUV,92.4,89.9,314.0,45652.0,5.4,Yes,3,Mumbai,Partial,1881987.0
EV-20130,2027-07-16,2024,Nexora,SUV,64.8,95.1,241.0,28942.0,7.1,No,1,Hyderabad,Partial,1615911.0
EV-20624,2027-07-17,2023,GreenDrive,SUV,42.0,87.9,386.0,32235.0,6.3,Yes,1,Pune,Complete,1557883.0
EV-20111,2027-07-18,2023,E-Motion,Sedan,79.0,89.8,371.0,40677.0,6.0,Yes,1,Pune,Complete,1815005.0
EV-20747,2027-07-19,2019,Nexora,SUV,39.5,94.3,374.0,45369.0,7.5,Yes,2,Hyderabad,Partial,1548168.0
EV-20717,2027-07-20,2020,E-Motion,Crossover,68.8,89.7,428.0,36122.0,7.9,Yes,1,Delhi,Partial,1731631.0
EV-20305,2027-07-21,2022,E-Motion,SUV,72.2,92.1,438.0,76200.0,7.8,No,3,Bengaluru,Complete,1530989.0
EV-20550,2027-07-22,2021,Nexora,SUV,60.2,84.8,317.0,39427.0,3.1,Yes,1,Chennai,Complete,1635966.0
EV-20992,2027-07-23,2018,Voltix,Crossover,71.1,100.0,485.0,38552.0,6.4,Yes,2,Bengaluru,Complete,1900662.0
EV-20482,2027-07-24,2021,Atheron,SUV,75.4,94.0,384.0,20262.0,7.6,Yes,2,Mumbai,Partial,1766069.0
EV-20320,2027-07-25,2018,Atheron,Crossover,61.9,87.3,474.0,91936.0,,Yes,2,Hyderabad,Complete,1560528.0
EV-20033,2027-07-26,2022,Voltix,Crossover,58.3,94.0,353.0,39806.0,3.7,Yes,2,Pune,Partial,1791087.0
EV-20135,2027-07-27,2023,Nexora,Sedan,55.3,96.5,406.0,32302.0,9.4,Yes,3,Mumbai,Partial,1660811.0
EV-20344,2027-07-28,2021,GreenDrive,Crossover,43.2,90.9,277.0,16959.0,7.0,No,1,Delhi,Missing,1435300.0
EV-20763,2027-07-29,2022,Atheron,Hatchback,73.0,88.9,421.0,78388.0,4.8,Yes,2,Hyderabad,Partial,1637995.0
EV-20010,2027-07-30,2025,GreenDrive,Hatchback,72.5,97.6,308.0,38714.0,7.0,No,1,Chennai,Complete,1771230.0
EV-20395,2027-07-31,2023,E-Motion,Hatchback,50.2,92.3,272.0,39839.0,5.1,Yes,2,Chennai,Complete,1507917.0
EV-20768,2027-08-01,2023,Voltix,Hatchback,35.3,79.6,341.0,31261.0,7.4,Yes,1,Delhi,Complete,1512885.0
EV-20711,2027-08-02,2016,GreenDrive,Crossover,73.5,94.7,304.0,75266.0,7.1,No,2,Hyderabad,Complete,1381203.0
EV-20037,2027-08-03,2018,Nexora,SUV,70.4,85.6,458.0,27537.0,7.8,Yes,2,Hyderabad,Partial,1655146.0
EV-20397,2027-08-04,2023,Atheron,Crossover,69.1,91.6,463.0,33891.0,7.4,Yes,3,Delhi,Complete,1803889.0
EV-20811,2027-08-05,2019,Nexora,Sedan,78.11816493887807,100.0,256.0,68080.0,4.8,Yes,1,Pune,Partial,1462277.0
EV-20132,2027-08-06,2017,Voltix,SUV,50.7,95.1,473.0,44191.0,6.3,Yes,1,Hyderabad,Complete,1695265.0
EV-20603,2027-08-07,2021,Nexora,Hatchback,72.1,94.2,578.0,162402.0,5.9,No,2,Pune,Partial,1592270.0
EV-20286,2027-08-08,2016,E-Motion,Sedan,62.4,90.5,,20783.0,7.1,Yes,1,Bengaluru,Complete,1580892.0
EV-20167,2027-08-09,2025,E-Motion,SUV,52.4,83.9,218.0,10856.0,3.7,Yes,1,Pune,Partial,1664788.0
EV-20723,2027-08-10,2021,Nexora,Sedan,49.0,89.6,412.0,33558.0,4.9,No,2,Hyderabad,Complete,1661024.0
EV-20575,2027-08-11,2018,Voltix,Sedan,51.1,90.6,357.0,38487.0,5.2,Yes,2,Pune,Missing,1601503.0
EV-20016,2027-08-12,2016,E-Motion,Hatchback,55.0,100.0,409.0,98192.0,4.8,Yes,2,Delhi,Complete,1524944.0
EV-20899,2027-08-13,2017,Nexora,Crossover,49.7,92.8,243.0,50805.0,7.3,Yes,1,Mumbai,Missing,1371247.0
EV-20367,2027-08-14,2016,Nexora,SUV,62.1,89.7,383.0,32401.0,5.8,Yes,2,Chennai,Complete,1651410.0
EV-20762,2027-08-15,2025,Atheron,Hatchback,50.9,97.4,358.0,54418.0,3.6,Yes,1,Delhi,Complete,1780615.0
EV-20948,2027-08-16,2020,Voltix,Hatchback,57.0,95.6,472.0,89144.0,6.3,Yes,2,Bengaluru,Missing,1464596.0
EV-20075,2027-08-17,2019,Voltix,SUV,64.8,93.2,230.0,41874.0,8.4,Yes,3,Hyderabad,Missing,1450418.0
EV-20772,2027-08-18,2018,Atheron,Hatchback,60.7,86.9,405.0,26920.0,4.4,Yes,3,Hyderabad,Complete,1602239.0
EV-20750,2027-08-19,2018,Nexora,SUV,46.1,81.5,381.0,135341.0,4.6,Yes,3,Bengaluru,Complete,1242280.0
EV-20512,2027-08-20,2024,Nexora,SUV,75.5,96.7,454.0,52695.0,3.5,Yes,1,Chennai,Partial,1994485.0
EV-20417,2027-08-21,2024,Atheron,Crossover,61.7,91.6,320.0,40084.0,5.8,Yes,1,Chennai,Complete,1715549.0
EV-20513,2027-08-22,2020,Atheron,SUV,41.1,83.8,161.0,80609.0,6.0,No,3,Delhi,Partial,1140605.0
EV-20522,2027-08-23,2023,E-Motion,Hatchback,59.3,92.4,264.0,25301.0,5.5,No,1,Chennai,Complete,1514364.0
EV-20925,2027-08-24,2020,GreenDrive,Hatchback,56.1,92.4,486.0,33055.0,7.3,Yes,1,Mumbai,Complete,1579058.0
EV-20882,2027-08-25,2017,GreenDrive,Hatchback,60.2,88.4,505.0,92298.0,8.2,Yes,3,Pune,Complete,1344510.0
EV-20235,2027-08-26,2023,Nexora,Crossover,42.3,91.4,349.0,25191.0,6.5,No,1,Bengaluru,Partial,1664090.0
EV-20014,2027-08-27,2019,E-Motion,Crossover,74.6,86.9,429.0,36719.0,6.7,Yes,2,Pune,Partial,1662379.0
EV-20765,2027-08-28,2020,Atheron,Crossover,53.8,91.3,373.0,180656.217716786,5.4,Yes,1,Delhi,Complete,1624997.0
EV-20481,2027-08-29,2020,E-Motion,Sedan,54.1,93.5,281.0,25951.0,8.7,Yes,2,Delhi,Complete,1584378.0
EV-20670,2027-08-30,2017,Voltix,Hatchback,32.6,86.3,442.0,110689.0,4.1,No,1,Bengaluru,Complete,1280188.0
EV-20012,2027-08-31,2016,Atheron,Hatchback,70.1,90.7,420.0,59465.0,4.9,Yes,3,Pune,Complete,1504429.0
EV-20434,2027-09-01,2020,E-Motion,Crossover,76.4,89.2,279.0,40531.0,5.5,Yes,2,Mumbai,Partial,1722064.0
EV-20937,2027-09-02,2021,GreenDrive,Hatchback,72.1,88.1,305.0,83360.0,6.4,No,1,Mumbai,Partial,1410717.0
EV-20771,2027-09-03,2017,Voltix,Hatchback,49.2,92.5,168.0,37023.0,6.3,No,1,Chennai,Partial,1347486.0
EV-20914,2027-09-04,2024,Atheron,Crossover,48.0,85.1,447.0,29454.0,4.3,No,1,Hyderabad,Complete,1704978.0
EV-20034,2027-09-05,2017,Atheron,Sedan,51.9,94.3,459.0,18271.0,5.4,Yes,1,Mumbai,Missing,1652474.0
EV-20055,2027-09-06,2023,GreenDrive,SUV,38.6,92.4,312.0,15976.0,5.2,Yes,2,Mumbai,Partial,1665434.0
EV-20887,2027-09-07,2017,Atheron,Hatchback,48.0,96.2,457.0,61807.0,6.6,Yes,1,Chennai,Complete,1447544.0
EV-20485,2027-09-08,2022,Nexora,SUV,58.7,81.3,430.0,169204.0,,Yes,2,Bengaluru,Complete,1469659.0
EV-20394,2027-09-09,2018,Voltix,SUV,56.3,92.7,323.0,51483.0,4.7,Yes,2,Mumbai,,1638096.0
EV-20415,2027-09-10,2024,Nexora,Crossover,59.3,,463.0,59829.0,6.4,No,1,Mumbai,Complete,1688046.0
EV-20062,2027-09-11,2024,Nexora,Sedan,69.2,85.8,474.0,146622.0,3.2,Yes,2,Chennai,Partial,1603369.0
EV-20438,2027-09-12,2025,GreenDrive,SUV,75.4,88.9,433.0,69012.0,3.8,Yes,3,Bengaluru,Complete,1783390.0
EV-20299,2027-09-13,2022,Atheron,Crossover,45.8,85.4,460.0,25138.0,3.2,No,1,Bengaluru,Complete,1706608.0
EV-20525,2027-09-14,2021,GreenDrive,SUV,31.8,83.7,397.0,53533.0,2.1,Yes,4,Delhi,Missing,1347295.0
EV-20189,2027-09-15,2019,GreenDrive,Sedan,78.4,84.1,390.0,37276.0,5.5,Yes,4,Bengaluru,Partial,1522451.0
EV-20116,2027-09-16,2019,Voltix,Crossover,65.1,83.9,,40457.0,5.3,No,2,Mumbai,Complete,1364370.0
EV-20653,2027-09-17,2019,Atheron,Crossover,61.4,92.3,398.0,72412.0,10.6,No,4,Chennai,Complete,1267473.0
EV-20795,2027-09-18,2020,E-Motion,Hatchback,65.1,81.4,253.0,44864.0,7.8,Yes,2,Bengaluru,Complete,1441234.0
EV-20129,2027-09-19,2020,Nexora,SUV,69.9,97.4,271.0,117045.0,7.5,No,2,Bengaluru,Complete,1555905.0
EV-20213,2027-09-20,2017,Voltix,SUV,60.3,93.2,341.0,9262.0,8.5,Yes,1,Chennai,Partial,1633608.0
EV-20595,2027-09-21,2021,GreenDrive,SUV,83.9,90.4,227.0,59087.0,2.0,Yes,3,Pune,Complete,1513557.0
EV-20328,2027-09-22,2016,Atheron,Crossover,51.4,92.4,400.0,49420.0,5.8,Yes,1,Pune,Complete,1530809.0
EV-20357,2027-09-23,2017,E-Motion,Sedan,37.9,89.9,333.0,61861.0,3.0,No,1,Bengaluru,Complete,1338124.0
EV-20756,2027-09-24,2020,Atheron,Hatchback,67.5,99.9,290.0,55605.0,9.2,Yes,1,Bengaluru,Complete,1624596.0
EV-20984,2027-09-25,2025,Atheron,Crossover,91.1,81.8,434.0,23708.0,2.0,No,1,Delhi,Partial,1958519.0
EV-20410,2027-09-26,2019,GreenDrive,Sedan,76.8,98.6,264.0,39435.0,2.8,Yes,1,Chennai,Complete,1724555.0
EV-20168,2027-09-27,2019,Voltix,Crossover,63.6,88.2,150.0,103173.0,,No,3,Pune,Complete,1232571.0
